-- MySQL dump 10.13  Distrib 8.0.17, for Win64 (x86_64)
--
-- Host: localhost    Database: sipat
-- ------------------------------------------------------
-- Server version	8.0.17

/*!40101 SET @OLD_CHARACTER_SET_CLIENT=@@CHARACTER_SET_CLIENT */;
/*!40101 SET @OLD_CHARACTER_SET_RESULTS=@@CHARACTER_SET_RESULTS */;
/*!40101 SET @OLD_COLLATION_CONNECTION=@@COLLATION_CONNECTION */;
/*!50503 SET NAMES utf8mb4 */;
/*!40103 SET @OLD_TIME_ZONE=@@TIME_ZONE */;
/*!40103 SET TIME_ZONE='+00:00' */;
/*!40014 SET @OLD_UNIQUE_CHECKS=@@UNIQUE_CHECKS, UNIQUE_CHECKS=0 */;
/*!40014 SET @OLD_FOREIGN_KEY_CHECKS=@@FOREIGN_KEY_CHECKS, FOREIGN_KEY_CHECKS=0 */;
/*!40101 SET @OLD_SQL_MODE=@@SQL_MODE, SQL_MODE='NO_AUTO_VALUE_ON_ZERO' */;
/*!40111 SET @OLD_SQL_NOTES=@@SQL_NOTES, SQL_NOTES=0 */;

--
-- Table structure for table `acciones`
--

DROP TABLE IF EXISTS `acciones`;
/*!40101 SET @saved_cs_client     = @@character_set_client */;
/*!50503 SET character_set_client = utf8mb4 */;
CREATE TABLE `acciones` (
  `accion_id` int(11) NOT NULL AUTO_INCREMENT,
  `ejercicio` int(11) DEFAULT NULL,
  `ente_ejecutor_id` int(11) DEFAULT NULL,
  `tipo_accion_id` int(11) DEFAULT NULL,
  `descripcion` varchar(255) DEFAULT NULL,
  `subtipo_id` int(11) DEFAULT NULL,
  `fecha_inicio` datetime DEFAULT NULL,
  `fecha_termino` datetime DEFAULT NULL,
  `actividad_id` int(11) DEFAULT NULL,
  `municipio_id` int(11) DEFAULT NULL,
  `localidad_id` int(11) DEFAULT NULL,
  `estatus_id` int(11) DEFAULT NULL,
  `url` varchar(255) DEFAULT NULL,
  `seccion` int(11) DEFAULT NULL,
  `incluido` int(11) DEFAULT NULL,
  PRIMARY KEY (`accion_id`)
) ENGINE=InnoDB DEFAULT CHARSET=utf8;
/*!40101 SET character_set_client = @saved_cs_client */;

--
-- Dumping data for table `acciones`
--

LOCK TABLES `acciones` WRITE;
/*!40000 ALTER TABLE `acciones` DISABLE KEYS */;
/*!40000 ALTER TABLE `acciones` ENABLE KEYS */;
UNLOCK TABLES;

--
-- Table structure for table `acciones_salud`
--

DROP TABLE IF EXISTS `acciones_salud`;
/*!40101 SET @saved_cs_client     = @@character_set_client */;
/*!50503 SET character_set_client = utf8mb4 */;
CREATE TABLE `acciones_salud` (
  `accion_salud_id` int(11) NOT NULL AUTO_INCREMENT,
  `ejercicio` int(11) DEFAULT NULL,
  `fecha_inicio` datetime DEFAULT NULL,
  `fecha_termino` datetime DEFAULT NULL,
  `accion` varchar(255) DEFAULT NULL,
  `municipio_id` int(11) DEFAULT NULL,
  `localidad_id` int(11) DEFAULT NULL,
  `url` varchar(255) DEFAULT NULL,
  `seccion` int(11) DEFAULT NULL,
  `incluido` int(11) DEFAULT NULL,
  PRIMARY KEY (`accion_salud_id`)
) ENGINE=InnoDB DEFAULT CHARSET=utf8;
/*!40101 SET character_set_client = @saved_cs_client */;

--
-- Dumping data for table `acciones_salud`
--

LOCK TABLES `acciones_salud` WRITE;
/*!40000 ALTER TABLE `acciones_salud` DISABLE KEYS */;
/*!40000 ALTER TABLE `acciones_salud` ENABLE KEYS */;
UNLOCK TABLES;

--
-- Table structure for table `actividades`
--

DROP TABLE IF EXISTS `actividades`;
/*!40101 SET @saved_cs_client     = @@character_set_client */;
/*!50503 SET character_set_client = utf8mb4 */;
CREATE TABLE `actividades` (
  `actividad_id` int(11) NOT NULL AUTO_INCREMENT,
  `descripcion` varchar(255) CHARACTER SET utf8 COLLATE utf8_general_ci DEFAULT NULL,
  `fecha_creacion` datetime DEFAULT CURRENT_TIMESTAMP,
  `fecha_actualizacion` datetime DEFAULT CURRENT_TIMESTAMP,
  `proyecto_actividad_id` int(11) DEFAULT NULL,
  `estatus` int(11) DEFAULT '1',
  `unidad_medida_id` int(11) DEFAULT NULL,
  `medicion_id` int(11) DEFAULT NULL,
  `beneficiado_id` int(11) DEFAULT NULL,
  `cantidad_beneficiario` float(11,2) DEFAULT NULL,
  `usuario_id` int(11) DEFAULT NULL,
  `monto_presupuestado` float(11,2) DEFAULT NULL,
  `narrativa_general` text,
  `ejercicio` int(6) DEFAULT NULL,
  PRIMARY KEY (`actividad_id`) USING BTREE,
  KEY `unidad_medida_id` (`unidad_medida_id`),
  KEY `medicion_id` (`medicion_id`),
  KEY `proyecto_actividad_id` (`proyecto_actividad_id`),
  KEY `beneficiado_id` (`beneficiado_id`),
  CONSTRAINT `actividades_ibfk_1` FOREIGN KEY (`proyecto_actividad_id`) REFERENCES `proyectos_actividades` (`proyecto_actividad_id`),
  CONSTRAINT `actividades_ibfk_2` FOREIGN KEY (`beneficiado_id`) REFERENCES `beneficiados` (`beneficiado_id`)
) ENGINE=InnoDB DEFAULT CHARSET=utf8 ROW_FORMAT=DYNAMIC;
/*!40101 SET character_set_client = @saved_cs_client */;

--
-- Dumping data for table `actividades`
--

LOCK TABLES `actividades` WRITE;
/*!40000 ALTER TABLE `actividades` DISABLE KEYS */;
/*!40000 ALTER TABLE `actividades` ENABLE KEYS */;
UNLOCK TABLES;

--
-- Table structure for table `actividades_detalladas`
--

DROP TABLE IF EXISTS `actividades_detalladas`;
/*!40101 SET @saved_cs_client     = @@character_set_client */;
/*!50503 SET character_set_client = utf8mb4 */;
CREATE TABLE `actividades_detalladas` (
  `actividad_detallada_id` int(11) NOT NULL AUTO_INCREMENT,
  `actividad_id` int(11) NOT NULL,
  `descripcion` varchar(255) CHARACTER SET utf8 COLLATE utf8_general_ci DEFAULT NULL,
  `documento` varchar(100) DEFAULT NULL,
  `fecha_creacion` datetime DEFAULT CURRENT_TIMESTAMP,
  `fecha_actualizacion` datetime DEFAULT CURRENT_TIMESTAMP,
  `estatus` int(11) DEFAULT '1',
  `mes` int(11) DEFAULT NULL,
  `programado_fisico` float(11,2) DEFAULT NULL,
  `realizado_fisico` float(11,2) DEFAULT NULL,
  `programado_financiero` float(11,2) DEFAULT NULL,
  `realizado_financiero` float(11,2) DEFAULT NULL,
  `usuario_id` int(11) DEFAULT NULL,
  PRIMARY KEY (`actividad_detallada_id`) USING BTREE,
  KEY `actividad_id` (`actividad_id`),
  CONSTRAINT `actividades_detalladas_ibfk_1` FOREIGN KEY (`actividad_id`) REFERENCES `actividades` (`actividad_id`)
) ENGINE=InnoDB DEFAULT CHARSET=utf8 ROW_FORMAT=DYNAMIC;
/*!40101 SET character_set_client = @saved_cs_client */;

--
-- Dumping data for table `actividades_detalladas`
--

LOCK TABLES `actividades_detalladas` WRITE;
/*!40000 ALTER TABLE `actividades_detalladas` DISABLE KEYS */;
/*!40000 ALTER TABLE `actividades_detalladas` ENABLE KEYS */;
UNLOCK TABLES;

--
-- Table structure for table `acuerdos`
--

DROP TABLE IF EXISTS `acuerdos`;
/*!40101 SET @saved_cs_client     = @@character_set_client */;
/*!50503 SET character_set_client = utf8mb4 */;
CREATE TABLE `acuerdos` (
  `acuerdo_id` int(11) NOT NULL AUTO_INCREMENT,
  `tema_id` int(11) DEFAULT NULL,
  `asunto` text,
  `usuario_registra_id` int(11) DEFAULT NULL,
  `estatus` int(11) DEFAULT '1' COMMENT '1 Activo y 0 Inactivo',
  `ejercicio` int(11) DEFAULT NULL,
  `combinacion_area_id` int(11) DEFAULT NULL,
  `fecha_creacion` datetime DEFAULT CURRENT_TIMESTAMP,
  `fecha_actualizacion` datetime DEFAULT CURRENT_TIMESTAMP ON UPDATE CURRENT_TIMESTAMP,
  PRIMARY KEY (`acuerdo_id`),
  KEY `idx_combinacion_area` (`combinacion_area_id`),
  KEY `tema_id` (`tema_id`),
  CONSTRAINT `acuerdos_ibfk_1` FOREIGN KEY (`tema_id`) REFERENCES `temas` (`tema_id`),
  CONSTRAINT `fk_combinacion_area` FOREIGN KEY (`combinacion_area_id`) REFERENCES `combinaciones_areas` (`combinacion_area_id`)
) ENGINE=InnoDB DEFAULT CHARSET=utf8;
/*!40101 SET character_set_client = @saved_cs_client */;

--
-- Dumping data for table `acuerdos`
--

LOCK TABLES `acuerdos` WRITE;
/*!40000 ALTER TABLE `acuerdos` DISABLE KEYS */;
/*!40000 ALTER TABLE `acuerdos` ENABLE KEYS */;
UNLOCK TABLES;

--
-- Table structure for table `areas`
--

DROP TABLE IF EXISTS `areas`;
/*!40101 SET @saved_cs_client     = @@character_set_client */;
/*!50503 SET character_set_client = utf8mb4 */;
CREATE TABLE `areas` (
  `area_id` int(11) NOT NULL AUTO_INCREMENT,
  `cve_area` varchar(10) CHARACTER SET utf8 COLLATE utf8_general_ci DEFAULT NULL,
  `descripcion` varchar(255) CHARACTER SET utf8 COLLATE utf8_general_ci DEFAULT NULL,
  `estatus` int(11) DEFAULT '1',
  `direccion_id` int(11) DEFAULT NULL,
  `departamento_id` int(11) DEFAULT NULL,
  `subdireccion_id` int(11) DEFAULT NULL,
  PRIMARY KEY (`area_id`) USING BTREE,
  KEY `departamento_id` (`departamento_id`),
  KEY `direccion_id` (`direccion_id`),
  CONSTRAINT `areas_ibfk_1` FOREIGN KEY (`departamento_id`) REFERENCES `departamentos` (`departamento_id`),
  CONSTRAINT `areas_ibfk_2` FOREIGN KEY (`direccion_id`) REFERENCES `direcciones` (`direccion_id`)
) ENGINE=InnoDB AUTO_INCREMENT=13 DEFAULT CHARSET=utf8 ROW_FORMAT=DYNAMIC;
/*!40101 SET character_set_client = @saved_cs_client */;

--
-- Dumping data for table `areas`
--

LOCK TABLES `areas` WRITE;
/*!40000 ALTER TABLE `areas` DISABLE KEYS */;
INSERT INTO `areas` VALUES (1,'NA','NINGUNA',1,1,1,1),(2,'01','ÁREA ADMINISTRATIVA',1,11,1,63),(3,'01','AREA DE LICITACIONES Y CONCURSOS',1,13,1,1),(4,'02','ÁREA DE PEDIDOS Y FACTURACIÓN',1,13,1,1),(5,'03','ÁREA ADMINISTRATIVA',1,13,1,1),(6,'01','AREA DE REQUISICIONES',1,13,5,16),(7,'01','ÁREAS DE MATERIALES DE CURACIÓN',1,13,6,27),(8,'02','ÁREA DE MEDICAMENTOS',1,13,6,27),(9,'03','ÁREAS DE MATERIALES DIVERSOS',1,13,6,27),(10,'04','ÁREA ADMINISTRATIVA',1,13,6,27),(11,'01','ÁREA DE ALMACÉN',1,14,10,37),(12,'01','DEPARTAMENTO DE VINCULACIÓN ADMINISTRATIVA',1,14,1,1);
/*!40000 ALTER TABLE `areas` ENABLE KEYS */;
UNLOCK TABLES;

--
-- Table structure for table `areas_unidades_medidas`
--

DROP TABLE IF EXISTS `areas_unidades_medidas`;
/*!40101 SET @saved_cs_client     = @@character_set_client */;
/*!50503 SET character_set_client = utf8mb4 */;
CREATE TABLE `areas_unidades_medidas` (
  `area_unidad_medida_id` int(11) NOT NULL AUTO_INCREMENT,
  `direccion_id` int(11) DEFAULT NULL,
  `cve_unidad_medida` varchar(255) DEFAULT NULL,
  `unidad_medida_id` int(11) DEFAULT NULL,
  PRIMARY KEY (`area_unidad_medida_id`)
) ENGINE=InnoDB AUTO_INCREMENT=50 DEFAULT CHARSET=utf8;
/*!40101 SET character_set_client = @saved_cs_client */;

--
-- Dumping data for table `areas_unidades_medidas`
--

LOCK TABLES `areas_unidades_medidas` WRITE;
/*!40000 ALTER TABLE `areas_unidades_medidas` DISABLE KEYS */;
INSERT INTO `areas_unidades_medidas` VALUES (1,3,'PR42',114),(2,3,'QU11',122),(3,3,'IN74',58),(4,3,'IN66',54),(5,13,'DE20',3),(6,13,'OB17',94),(7,13,'EQ01',20),(8,13,'ED61',15),(9,13,'GA13',42),(10,13,'GA14',43),(11,13,'IN66',54),(12,13,'IN72',57),(13,13,'MA52',76),(14,13,'ME27',78),(15,13,'MT12',82),(16,13,'PR53',116),(17,13,'DI25',9),(18,13,'EV30',34),(19,13,'IN65',53),(20,13,'IN66',54),(21,13,'IN67',55),(22,13,'PA17',98),(23,13,'PA75',97),(24,13,'SU28',132),(25,13,'TA14',133),(26,13,'TR26',136),(27,13,'VE11',150),(28,13,'VE13',151),(29,12,'PA75',97),(30,12,'PA17',98),(31,12,'IN64',52),(32,12,'IN65',53),(33,12,'IN66',54),(34,12,'IN67',55),(35,12,'ES89',26),(36,12,'ES92',29),(37,12,'EV30',34),(38,12,'PA75',97),(39,11,'PE24',103),(40,11,'CU13',1),(41,11,'EV31',37),(42,11,'EV30',34),(43,11,'ET47',35),(44,11,'ET45',36),(45,11,'IN64',52),(46,11,'IN65',53),(47,11,'IN66',54),(48,11,'IN67',55),(49,11,'PR53',116);
/*!40000 ALTER TABLE `areas_unidades_medidas` ENABLE KEYS */;
UNLOCK TABLES;

--
-- Table structure for table `beneficiados`
--

DROP TABLE IF EXISTS `beneficiados`;
/*!40101 SET @saved_cs_client     = @@character_set_client */;
/*!50503 SET character_set_client = utf8mb4 */;
CREATE TABLE `beneficiados` (
  `beneficiado_id` int(11) NOT NULL AUTO_INCREMENT,
  `descripcion` varchar(20) CHARACTER SET utf8 COLLATE utf8_general_ci DEFAULT NULL,
  `estatus` int(11) DEFAULT '1',
  PRIMARY KEY (`beneficiado_id`) USING BTREE
) ENGINE=InnoDB AUTO_INCREMENT=5 DEFAULT CHARSET=utf8 ROW_FORMAT=DYNAMIC;
/*!40101 SET character_set_client = @saved_cs_client */;

--
-- Dumping data for table `beneficiados`
--

LOCK TABLES `beneficiados` WRITE;
/*!40000 ALTER TABLE `beneficiados` DISABLE KEYS */;
INSERT INTO `beneficiados` VALUES (1,'HOMBRES',1),(2,'MUJERES',1),(3,'AMBOS',1),(4,'NO APLICA',1);
/*!40000 ALTER TABLE `beneficiados` ENABLE KEYS */;
UNLOCK TABLES;

--
-- Table structure for table `cargos`
--

DROP TABLE IF EXISTS `cargos`;
/*!40101 SET @saved_cs_client     = @@character_set_client */;
/*!50503 SET character_set_client = utf8mb4 */;
CREATE TABLE `cargos` (
  `cargo_id` int(11) NOT NULL AUTO_INCREMENT,
  `cve_cargo` varchar(10) DEFAULT NULL,
  `descripcion` varchar(255) DEFAULT NULL,
  `estatus` int(11) DEFAULT '1',
  PRIMARY KEY (`cargo_id`)
) ENGINE=InnoDB AUTO_INCREMENT=94 DEFAULT CHARSET=utf8;
/*!40101 SET character_set_client = @saved_cs_client */;

--
-- Dumping data for table `cargos`
--

LOCK TABLES `cargos` WRITE;
/*!40000 ALTER TABLE `cargos` DISABLE KEYS */;
INSERT INTO `cargos` VALUES (1,'C01','COORDINADOR DE CENTRO REGIONAL ZONA RÍOS',1),(2,'C02','COORDINADOR DE CENTROS REGIONALES',1),(3,'D01','DIRECTOR GENERAL',1),(4,'D02','DIRECTOR DE ADMINISTRACIÓN',1),(5,'D03','DIRECTOR DE FINANZAS',1),(6,'D04','DIRECTOR DE PLANEACIÓN, PROGRAMACIÓN, INNOVACIÓN Y EVALUACIÓN',1),(7,'D05','DIRECTOR DE PRESTACIONES MÉDICAS',1),(8,'D06','DIRECTOR DE PRESTACIONES SOCIOECONÓMICAS',1),(9,'J01','JEFA DEL DEPARTAMENTO DE CRÉDITOS',1),(10,'J02','JEFA DEL DEPARTAMENTO DE INVESTIGACIÓN, CAPACITACIÓN Y ENSEÑANZA',1),(11,'J03','JEFA DEL DEPARTAMENTO DE MEDICINA LABORAL',1),(12,'J04','JEFA DEL DEPARTAMENTO DE TRABAJO SOCIAL',1),(13,'J05','JEFE DE AMPARO Y CONTROL NORMATIVO',1),(14,'J06','JEFE DE CENTRO REGIONAL CÁRDENAS',1),(15,'J07','JEFE DE CENTRO REGIONAL CENTLA',1),(16,'J08','JEFE DE CENTRO REGIONAL COMALCALCO',1),(17,'J09','JEFE DE CENTRO REGIONAL JALAPA',1),(18,'J10','JEFE DE FISCALIZACIÓN A ENTES PÚBLICOS',1),(19,'J11','JEFE DEL CENTRO DE CUIDADO DIARIO DEL ADULTO MAYOR',1),(20,'J12','JEFE DEL CENTRO DE DESARROLLO INFANTIL 1',1),(21,'J13','JEFE DEL CENTRO DE DESARROLLO INFANTIL 2',1),(22,'J14','JEFE DEL CENTRO DE DESARROLLO INFANTIL IV',1),(23,'J15','JEFE DEL CENTRO DE DESARROLLO INFANTIL V',1),(24,'J16','JEFE DEL DEPARTAMENTO DE ADMINISTRACIÓN DE PERSONAL',1),(25,'J17','JEFE DEL DEPARTAMENTO DE ADQUISICIONES',1),(26,'J18','JEFE DEL DEPARTAMENTO DE AFILIACIÓN',1),(27,'J19','JEFE DEL DEPARTAMENTO DE ALMACÉN',1),(28,'J20','JEFE DEL DEPARTAMENTO DE APOYO LOGÍSTICO',1),(29,'J21','JEFE DEL DEPARTAMENTO DE ARCHIVO DE CONCENTRACIÓN',1),(30,'J22','JEFE DEL DEPARTAMENTO DE ARCHIVO DE TRÁMITE',1),(31,'J23','JEFE DEL DEPARTAMENTO DE ATENCIÓN AL DERECHOHABIENTE DE PRESTACIONES SOCIOECONÓMICAS',1),(32,'J24','JEFE DEL DEPARTAMENTO DE ATENCIÓN AL DERECHOHABIENTE EN PRESTACIONES MÉDICAS',1),(33,'J25','JEFE DEL DEPARTAMENTO DE AUDITORÍA',1),(34,'J26','JEFE DEL DEPARTAMENTO DE AUDITORÍA MÉDICA',1),(35,'J27','JEFE DEL DEPARTAMENTO DE BASE DE DATOS',1),(36,'J28','JEFE DEL DEPARTAMENTO DE CAPACITACIÓN, SERVICIO SOCIAL Y VINCULACIÓN OPERATIVA',1),(37,'J29','JEFE DEL DEPARTAMENTO DE CERTIFICACIÓN Y ENLACE JURÍDICO',1),(38,'J30','JEFE DEL DEPARTAMENTO DE CONCENTRACIÓN Y ARCHIVO HISTÓRICO',1),(39,'J31','JEFE DEL DEPARTAMENTO DE CONTABILIDAD',1),(40,'J32','JEFE DEL DEPARTAMENTO DE CONTENIDO Y SEGUIMIENTO A MEDIOS',1),(41,'J33','JEFE DEL DEPARTAMENTO DE CONTROL INTERNO Y MEJORA DE LA GESTIÓN PÚBLICA',1),(42,'J34','JEFE DEL DEPARTAMENTO DE CONTROL PRESUPUESTAL',1),(43,'J35','JEFE DEL DEPARTAMENTO DE CULTURA',1),(44,'J36','JEFE DEL DEPARTAMENTO DE DEPORTE Y RECREACIÓN',1),(45,'J37','JEFE DEL DEPARTAMENTO DE EVALUACIÓN Y SEGUIMIENTO',1),(46,'J38','JEFE DEL DEPARTAMENTO DE INFRAESTRUCTURA TECNOLÓGICA',1),(47,'J39','JEFE DEL DEPARTAMENTO DE INGRESOS Y COBRANZAS',1),(48,'J40','JEFE DEL DEPARTAMENTO DE INVENTARIOS Y BIENES',1),(49,'J41','JEFE DEL DEPARTAMENTO DE LO CONTENCIOSO ADMINISTRATIVO Y DERECHOS HUMANOS',1),(50,'J42','JEFE DEL DEPARTAMENTO DE LO LABORAL',1),(51,'J43','JEFE DEL DEPARTAMENTO DE LO PENAL Y CIVIL',1),(52,'J44','JEFE DEL DEPARTAMENTO DE MANTENIMIENTO Y SUPERVISIÓN DE INMUEBLES',1),(53,'J45','JEFE DEL DEPARTAMENTO DE PENSIONES',1),(54,'J46','JEFE DEL DEPARTAMENTO DE PLANEACIÓN Y PROGRAMACIÓN',1),(55,'J47','JEFE DEL DEPARTAMENTO DE PRESTACIONES ECONÓMICAS',1),(56,'J48','JEFE DEL DEPARTAMENTO DE PRESTACIONES, AJUSTES, DEDUCCIONES E INCIDENCIAS',1),(57,'J49','JEFE DEL DEPARTAMENTO DE PROCESAMIENTO DE INFORMACIÓN',1),(58,'J50','JEFE DEL DEPARTAMENTO DE PROYECTOS, ESTRUCTURAS, CONCURSOS, CONTRATOS DE OBRAS Y SERVICIOS.',1),(59,'J51','JEFE DEL DEPARTAMENTO DE QUEJAS',1),(60,'J52','JEFE DEL DEPARTAMENTO DE RECEPCIÓN Y REVISIÓN DOCUMENTAL',1),(61,'J53','JEFE DEL DEPARTAMENTO DE RECURSOS FINANCIEROS',1),(62,'J54','JEFE DEL DEPARTAMENTO DE REGISTRO Y CONTROL DE PLANTILLAS',1),(63,'J55','JEFE DEL DEPARTAMENTO DE RESPONSABILIDAD LABORAL',1),(64,'J56','JEFE DEL DEPARTAMENTO DE RESPONSABILIDADES',1),(65,'J57','JEFE DEL DEPARTAMENTO DE SALUD PÚBLICA Y MEDICINA PREVENTIVA',1),(66,'J58','JEFE DEL DEPARTAMENTO DE SERVICIOS FUNERARIOS',1),(67,'J59','JEFE DEL DEPARTAMENTO DE SERVICIOS GENERALES',1),(68,'J60','JEFE DEL DEPARTAMENTO DE SISTEMAS DE INFORMACIÓN',1),(69,'J61','JEFE DEL DEPARTAMENTO DE SOPORTE TÉCNICO',1),(70,'J62','JEFE DEL DEPARTAMENTO DE VINCULACIÓN ADMINISTRATIVA',1),(71,'J63','JEFE DEL DEPARTAMENTO DE VINCULACIÓN INTERINSTITUCIONAL',1),(72,'J64','JEFE DEL DEPARTAMENTO DE VINCULACIÓN Y GESTIÓN INTERINSTITUCIONAL',1),(73,'J65','JJEFE DEL DEPARTAMENTO DE EVALUACIÓN Y SEGUIMIENTO',1),(74,'S01','SUBDIRECTOR DE ASUNTOS JURÍDICOS',1),(75,'S02','SUBDIRECTOR DE AUDITORÍA Y FISCALIZACIÓN',1),(76,'S03','SUBDIRECTOR DE BIENES Y SERVICIOS GENERALES',1),(77,'S04','SUBDIRECTOR DE CULTURA, DEPORTE Y RECREACIÓN',1),(78,'S05','SUBDIRECTOR DE FINANZAS',1),(79,'S06','SUBDIRECTOR DE OBRAS, RECURSOS MATERIALES Y MANTENIMIENTO',1),(80,'S07','SUBDIRECTOR DE PRESTACIONES ECONÓMICAS Y PENSIONES',1),(81,'S08','SUBDIRECTOR DE RECURSOS HUMANOS',1),(82,'S09','SUBDIRECTOR DE SERVICIOS ASISTENCIALES',1),(83,'S10','SUBDIRECTOR DE SERVICIOS TECNOLÓGICOS Y MODERNIZACIÓN',1),(84,'S11','SUBDIRECTORA DE CULTURA, DEPORTE Y RECREACIÓN',1),(85,'T01','TITULAR DE LA COMISIÓN DICTAMINADORA DE PRESTACIONES SOCIOECONÓMICAS',1),(86,'T02','TITULAR DE LA UNIDAD COORDINADORA DE ARCHIVO',1),(87,'T04','TITULAR DE LA UNIDAD DE APOYO JURÍDICO',1),(88,'T05','TITULAR DE LA UNIDAD DE ATENCIÓN A LA DERECHOHABIENCIA',1),(89,'T06','TITULAR DE LA UNIDAD DE PRESTACIONES MÉDICAS',1),(90,'T07','TITULAR DE LA UNIDAD DE TECNOLOGÍAS DE LA INFORMACIÓN Y COMUNICACIONES',1),(91,'T08','TITULAR DE LA UNIDAD DE TRANSPARENCIA',1),(92,'T09','TITULAR DE LA UNIDAD DE VINCULACIÓN EJECUTIVA',1),(93,'T10','TITULAR DEL ÓRGANO INTERNO DE CONTROL',1);
/*!40000 ALTER TABLE `cargos` ENABLE KEYS */;
UNLOCK TABLES;

--
-- Table structure for table `categorias`
--

DROP TABLE IF EXISTS `categorias`;
/*!40101 SET @saved_cs_client     = @@character_set_client */;
/*!50503 SET character_set_client = utf8mb4 */;
CREATE TABLE `categorias` (
  `categoria_id` int(11) NOT NULL AUTO_INCREMENT,
  `cve_categoria` varchar(10) DEFAULT NULL,
  `descripcion` varchar(255) DEFAULT NULL,
  `estatus` int(11) DEFAULT '1',
  PRIMARY KEY (`categoria_id`)
) ENGINE=InnoDB AUTO_INCREMENT=5 DEFAULT CHARSET=utf8;
/*!40101 SET character_set_client = @saved_cs_client */;

--
-- Dumping data for table `categorias`
--

LOCK TABLES `categorias` WRITE;
/*!40000 ALTER TABLE `categorias` DISABLE KEYS */;
INSERT INTO `categorias` VALUES (1,'D01','DIRECTOR GENERAL',1),(2,'D02','DIRECTOR(A)',1),(3,'J01','JEFE(A) DEL DEPARTAMENTO',1),(4,'S01','SUBDIRECTOR(A) DE ASUNTOS JURÍDICOS',1);
/*!40000 ALTER TABLE `categorias` ENABLE KEYS */;
UNLOCK TABLES;

--
-- Table structure for table `clasificacion_proyectos`
--

DROP TABLE IF EXISTS `clasificacion_proyectos`;
/*!40101 SET @saved_cs_client     = @@character_set_client */;
/*!50503 SET character_set_client = utf8mb4 */;
CREATE TABLE `clasificacion_proyectos` (
  `clasificacion_proyecto_id` int(11) NOT NULL AUTO_INCREMENT,
  `ejercicio` int(11) DEFAULT NULL,
  `descripcion` varchar(255) DEFAULT NULL,
  `fecha_inicio` datetime DEFAULT NULL,
  `fecha_termino` datetime DEFAULT NULL,
  `actividad_id` int(11) DEFAULT NULL,
  `municipio_id` int(11) DEFAULT NULL,
  `localidad_id` int(11) DEFAULT NULL,
  `cantidad_beneficiarios` int(11) DEFAULT NULL,
  `inversion` float(11,2) DEFAULT NULL,
  `estatus_id` int(11) DEFAULT NULL,
  `url` varchar(255) DEFAULT NULL,
  `seccion` int(11) DEFAULT NULL,
  `incluido` int(11) DEFAULT NULL,
  PRIMARY KEY (`clasificacion_proyecto_id`)
) ENGINE=InnoDB DEFAULT CHARSET=utf8;
/*!40101 SET character_set_client = @saved_cs_client */;

--
-- Dumping data for table `clasificacion_proyectos`
--

LOCK TABLES `clasificacion_proyectos` WRITE;
/*!40000 ALTER TABLE `clasificacion_proyectos` DISABLE KEYS */;
/*!40000 ALTER TABLE `clasificacion_proyectos` ENABLE KEYS */;
UNLOCK TABLES;

--
-- Table structure for table `clasificaciones`
--

DROP TABLE IF EXISTS `clasificaciones`;
/*!40101 SET @saved_cs_client     = @@character_set_client */;
/*!50503 SET character_set_client = utf8mb4 */;
CREATE TABLE `clasificaciones` (
  `clasificacion_id` int(11) NOT NULL AUTO_INCREMENT,
  `descripcion` varchar(255) DEFAULT NULL,
  PRIMARY KEY (`clasificacion_id`)
) ENGINE=InnoDB AUTO_INCREMENT=8 DEFAULT CHARSET=utf8;
/*!40101 SET character_set_client = @saved_cs_client */;

--
-- Dumping data for table `clasificaciones`
--

LOCK TABLES `clasificaciones` WRITE;
/*!40000 ALTER TABLE `clasificaciones` DISABLE KEYS */;
INSERT INTO `clasificaciones` VALUES (1,'Gestión institucional'),(2,'Infraestructura carretera y comunicaciones'),(3,'Infraestructura de agua potable y saneamiento'),(4,'Manufacturas'),(5,'Movilidad ciudadana sostenible'),(6,'Seguridad pública'),(7,'Servicios y turismo');
/*!40000 ALTER TABLE `clasificaciones` ENABLE KEYS */;
UNLOCK TABLES;

--
-- Table structure for table `combinaciones_areas`
--

DROP TABLE IF EXISTS `combinaciones_areas`;
/*!40101 SET @saved_cs_client     = @@character_set_client */;
/*!50503 SET character_set_client = utf8mb4 */;
CREATE TABLE `combinaciones_areas` (
  `combinacion_area_id` int(11) NOT NULL AUTO_INCREMENT,
  `direccion_id` int(11) NOT NULL DEFAULT '0',
  `subdireccion_id` bigint(20) NOT NULL DEFAULT '0',
  `departamento_id` bigint(20) NOT NULL DEFAULT '0',
  `area_id` bigint(20) NOT NULL DEFAULT '0',
  `cve_direccion` varchar(10) CHARACTER SET utf8 COLLATE utf8_general_ci DEFAULT NULL,
  `direccion` varchar(255) CHARACTER SET utf8 COLLATE utf8_general_ci DEFAULT NULL,
  `cve_subdireccion` varchar(10) CHARACTER SET utf8 COLLATE utf8_general_ci DEFAULT NULL,
  `subdireccion` varchar(255) CHARACTER SET utf8 COLLATE utf8_general_ci DEFAULT NULL,
  `cve_departamento` varchar(10) CHARACTER SET utf8 COLLATE utf8_general_ci DEFAULT NULL,
  `departamento` varchar(255) CHARACTER SET utf8 COLLATE utf8_general_ci DEFAULT NULL,
  `cve_area` varchar(10) CHARACTER SET utf8 COLLATE utf8_general_ci DEFAULT NULL,
  `area` varchar(255) CHARACTER SET utf8 COLLATE utf8_general_ci DEFAULT NULL,
  PRIMARY KEY (`combinacion_area_id`),
  UNIQUE KEY `combinacion_area_id_UNIQUE` (`combinacion_area_id`)
) ENGINE=InnoDB AUTO_INCREMENT=114 DEFAULT CHARSET=utf8mb4 COLLATE=utf8mb4_0900_ai_ci;
/*!40101 SET character_set_client = @saved_cs_client */;

--
-- Dumping data for table `combinaciones_areas`
--

LOCK TABLES `combinaciones_areas` WRITE;
/*!40000 ALTER TABLE `combinaciones_areas` DISABLE KEYS */;
INSERT INTO `combinaciones_areas` VALUES (1,1,1,1,1,'01','DIRECCION GENERAL','00','','00','','00',''),(2,2,1,1,1,'02','COMISION DICTAMINADORA DE PRESTACIONES SOCIOECNOMICAS','00','','00','','00',''),(3,3,1,1,1,'03','ORGANO INTERNO DE CONTROL','00','','00','','00',''),(4,4,1,1,1,'04','UNIDAD DE APOYO JURIDICO','00','','00','','00',''),(5,5,1,1,1,'05','SECRETARIA PARTICULAR','00','','00','','00',''),(6,6,1,1,1,'06','UNIDAD DE VINCULACION EJECUTIVA','00','','00','','00',''),(7,7,1,1,1,'07','UNIDAD DE ATENCION A LA DERECHOHABIENCIA','00','','00','','00',''),(8,8,1,1,1,'08','UNIDAD DE TRANSPARENCIA','00','','00','','00',''),(9,9,1,1,1,'09','UNIDAD COORDINADORA DE ARCHIVOS','00','','00','','00',''),(10,10,1,1,1,'10','UNIDAD DE ESTUDIOS ACTUARIALES','00','','00','','00',''),(11,11,1,1,1,'11','DIRECCION DE PLANEACION, PROGRAMACION, INNOVACION Y EVALUACION','00','','00','','00',''),(12,12,1,1,1,'12','DIRECCION DE FINANZAS','00','','00','','00',''),(13,13,1,1,1,'13','DIRECCION DE ADMINISTRACION','00','','00','','00',''),(14,14,1,1,1,'14','DIRECCION DE PRESTACIONES SOCIOECONOMICAS','00','','00','','00',''),(15,15,1,1,1,'15','DIRECCIÓN DE PRESTACIONES MÉDICAS','00','','00','','00',''),(16,16,1,1,1,'16','UNIDAD DE TECNOLOGÍAS DE LA INFORMACIÓN Y COMUNICACIONES','00','','00','','00',''),(17,3,2,1,1,'03','ORGANO INTERNO DE CONTROL','01','SUBDIRECCION DE AUDITORIA Y FISCALIZACION','00','','00',''),(18,4,3,1,1,'04','UNIDAD DE APOYO JURIDICO','01','SUBDIRECCIÓN DE ASUNTOS JURÍDICOS','00','','00',''),(19,12,4,1,1,'12','DIRECCION DE FINANZAS','01','SUBDIRECCIÓN DE FINANZAS','00','','00',''),(20,13,5,1,1,'13','DIRECCION DE ADMINISTRACION','01','SUBDIRECCIÓN DE OBRAS, RECURSOS MATERIALES Y MANTENIMIENTO.','00','','00',''),(21,13,6,1,1,'13','DIRECCION DE ADMINISTRACION','02','SUBDIRECCIÓN DE BIENES Y SERVICIOS GENERALES','00','','00',''),(22,13,7,1,1,'13','DIRECCION DE ADMINISTRACION','03','SUBDIRECCIÓN DE RECURSOS HUMANOS','00','','00',''),(23,14,8,1,1,'14','DIRECCION DE PRESTACIONES SOCIOECONOMICAS','01','SUBDIRECCIÓN DE CULTURA, DEPORTE Y RECREACIÓN','00','','00',''),(24,14,9,1,1,'14','DIRECCION DE PRESTACIONES SOCIOECONOMICAS','02','SUBDIRECCIÓN DE PRESTACIONES ECONÓMICAS Y PENSIONES','00','','00',''),(25,14,10,1,1,'14','DIRECCION DE PRESTACIONES SOCIOECONOMICAS','03','SUBDIRECCIÓN DE SERVICIOS ASISTENCIALES','00','','00',''),(26,15,11,1,1,'15','DIRECCIÓN DE PRESTACIONES MÉDICAS','01','UNIDAD DE PRESTACIONES MÉDICAS','00','','00',''),(27,15,12,1,1,'15','DIRECCIÓN DE PRESTACIONES MÉDICAS','02','CENTRO DE ESPECIALIDADES MÉDICAS \"DR. JULIÁN A. MANZUR OCAÑA\"','00','','00',''),(28,15,13,1,1,'15','DIRECCIÓN DE PRESTACIONES MÉDICAS','03','COORDINACIÓN DE CENTROS REGIONALES','00','','00',''),(29,15,14,1,1,'15','DIRECCIÓN DE PRESTACIONES MÉDICAS','04','UNIDAD DE MEDICINA FAMILIAR CENTRO','00','','00',''),(30,16,15,1,1,'16','UNIDAD DE TECNOLOGÍAS DE LA INFORMACIÓN Y COMUNICACIONES','01','SUBDIRECCIÓN DE SERVICIOS TECNOLÓGICOS Y MODERNIZACIÓN','00','','00',''),(31,3,1,48,1,'03','ORGANO INTERNO DE CONTROL','00','','01','DEPARTAMENTO DE CONTROL INTERNO Y MEJORA DE LA GESTIÓN PÚBLICA','00',''),(32,3,1,49,1,'03','ORGANO INTERNO DE CONTROL','00','','02','DEPARTAMENTO DE QUEJAS','00',''),(33,4,1,50,1,'04','UNIDAD DE APOYO JURIDICO','00','','01','DEPARTAMENTO DE LO PENAL Y CIVIL','00',''),(34,4,1,51,1,'04','UNIDAD DE APOYO JURIDICO','00','','02','DEPARTAMENTO DE LO CONTENCIOSO ADMINISTRATIVO Y DERECHOS HUMANOS','00',''),(35,4,1,52,1,'04','UNIDAD DE APOYO JURIDICO','00','','03','DEPARTAMENTO DE LO LABORAL','00',''),(36,4,1,53,1,'04','UNIDAD DE APOYO JURIDICO','00','','04','DEPARTAMENTO DE RESPONSABILIDAD LABORAL','00',''),(37,6,1,54,1,'06','UNIDAD DE VINCULACION EJECUTIVA','00','','01','DEPARTAMENTO DE CONTENIDO Y SEGUIMIENTO A MEDIOS','00',''),(38,7,1,55,1,'07','UNIDAD DE ATENCION A LA DERECHOHABIENCIA','00','','01','DEPARTAMENTO DE ATENCIÓN AL DERECHOHABIENTE EN PRESTACIONES MÉDICAS','00',''),(39,7,1,56,1,'07','UNIDAD DE ATENCION A LA DERECHOHABIENCIA','00','','02','DEPARTAMENTO DE ATENCIÓN AL DERECHOHABIENTE DE PRESTACIONES SOCIOECONÓMICAS','00',''),(40,7,1,57,1,'07','UNIDAD DE ATENCION A LA DERECHOHABIENCIA','00','','03','DEPARTAMENTO DE VINCULACIÓN Y GESTIÓN INTERINSTITUCIONAL','00',''),(41,9,1,58,1,'09','UNIDAD COORDINADORA DE ARCHIVOS','00','','01','DEPARTAMENTO DE ARCHIVO DE TRÁMITE','00',''),(42,9,1,59,1,'09','UNIDAD COORDINADORA DE ARCHIVOS','00','','02','DEPARTAMENTO DE ARCHIVO DE CONCENTRACIÓN','00',''),(43,9,1,60,1,'09','UNIDAD COORDINADORA DE ARCHIVOS','00','','03','DEPARTAMENTO DE CONCENTRACIÓN Y ARCHIVO HISTÓRICO','00',''),(44,10,1,61,1,'10','UNIDAD DE ESTUDIOS ACTUARIALES','00','','01','DEPARTAMENTO DE ANÁLISIS ACTUARIAL','00',''),(45,10,1,62,1,'10','UNIDAD DE ESTUDIOS ACTUARIALES','00','','02','DEPARTAMENTO DE SEGUIMIENTO Y DESARROLLO A LOS ESTUDIOS ACTUARIALES','00',''),(46,11,1,63,1,'11','DIRECCION DE PLANEACION, PROGRAMACION, INNOVACION Y EVALUACION','00','','01','DEPARTAMENTO DE PLANEACIÓN Y PROGRAMACIÓN','00',''),(47,11,1,64,1,'11','DIRECCION DE PLANEACION, PROGRAMACION, INNOVACION Y EVALUACION','00','','02','DEPARTAMENTO DE EVALUACIÓN Y SEGUIMIENTO','00',''),(48,11,1,65,1,'11','DIRECCION DE PLANEACION, PROGRAMACION, INNOVACION Y EVALUACION','00','','03','DEPARTAMENTO DE INNOVACIÓN Y GESTIÓN DE CALIDAD','00',''),(49,11,1,66,1,'11','DIRECCION DE PLANEACION, PROGRAMACION, INNOVACION Y EVALUACION','00','','04','DEPARTAMENTO DE CAPACITACIÓN, SERVICIO SOCIAL Y VINCULACIÓN OPERATIVA','00',''),(50,11,1,67,1,'11','DIRECCION DE PLANEACION, PROGRAMACION, INNOVACION Y EVALUACION','00','','05','DEPARTAMENTO DE ANÁLISIS, ESTADÍSTICA Y PROSPECTIVA','00',''),(51,16,1,68,1,'16','UNIDAD DE TECNOLOGÍAS DE LA INFORMACIÓN Y COMUNICACIONES','00','','01','DEPARTAMENTO DE SISTEMAS DE INFORMACIÓN','00',''),(52,16,1,69,1,'16','UNIDAD DE TECNOLOGÍAS DE LA INFORMACIÓN Y COMUNICACIONES','00','','02','DEPARTAMENTO DE INFRAESTRUCTURAS TECNOLOGICAS','00',''),(53,16,1,70,1,'16','UNIDAD DE TECNOLOGÍAS DE LA INFORMACIÓN Y COMUNICACIONES','00','','03','DEPARTAMENTO DE BASES DE DATOS','00',''),(54,16,1,71,1,'16','UNIDAD DE TECNOLOGÍAS DE LA INFORMACIÓN Y COMUNICACIONES','00','','04','DEPARTAMENTO DE APOYO LOGISTICO','00',''),(55,16,1,72,1,'16','UNIDAD DE TECNOLOGÍAS DE LA INFORMACIÓN Y COMUNICACIONES','00','','05','DEPARTAMENTO DE SOPORTE TECNICO','00',''),(56,3,2,2,1,'03','ORGANO INTERNO DE CONTROL','01','SUBDIRECCION DE AUDITORIA Y FISCALIZACION','01','DEPARTAMENTO DE AUDITORIA','00',''),(57,3,2,3,1,'03','ORGANO INTERNO DE CONTROL','01','SUBDIRECCION DE AUDITORIA Y FISCALIZACION','02','DEPARTAMENTO DE AUDITORIA MEDICA','00',''),(58,3,2,4,1,'03','ORGANO INTERNO DE CONTROL','01','SUBDIRECCION DE AUDITORIA Y FISCALIZACION','03','DEPARTAMENTO DE FISCALIZACION A ENTES PUBLICOS','00',''),(59,4,3,5,1,'04','UNIDAD DE APOYO JURIDICO','01','SUBDIRECCIÓN DE ASUNTOS JURÍDICOS','01','DEPARTAMENTO DE AMPARO Y CONTROL NORMATIVO','00',''),(60,4,3,6,1,'04','UNIDAD DE APOYO JURIDICO','01','SUBDIRECCIÓN DE ASUNTOS JURÍDICOS','02','DEPARTAMENTO DE VINCULACIÓN INTERINSTITUCIONAL','00',''),(61,4,3,7,1,'04','UNIDAD DE APOYO JURIDICO','01','SUBDIRECCIÓN DE ASUNTOS JURÍDICOS','03','DEPARTAMENTO DE CERTIFICACIÓN Y ENLACE JURÍDICO','00',''),(62,12,4,8,1,'12','DIRECCION DE FINANZAS','01','SUBDIRECCIÓN DE FINANZAS','01','DEPARTAMENTO DE INGRESOS Y COBRANZAS','00',''),(63,12,4,9,1,'12','DIRECCION DE FINANZAS','01','SUBDIRECCIÓN DE FINANZAS','02','DEPARTAMENTO DE CONTROL PRESUPUESTAL','00',''),(64,12,4,10,1,'12','DIRECCION DE FINANZAS','01','SUBDIRECCIÓN DE FINANZAS','03','DEPARTAMENTO DE RECURSOS FINANCIEROS','00',''),(65,12,4,11,1,'12','DIRECCION DE FINANZAS','01','SUBDIRECCIÓN DE FINANZAS','04','DEPARTAMENTO DE CONTABILIDAD','00',''),(66,12,4,12,1,'12','DIRECCION DE FINANZAS','01','SUBDIRECCIÓN DE FINANZAS','05','DEPARTAMENTO DE RECEPCIÓN Y REVISIÓN DOCUMENTAL','00',''),(67,12,4,13,1,'12','DIRECCION DE FINANZAS','01','SUBDIRECCIÓN DE FINANZAS','06','DEPARTAMENTO DE CRÉDITO','00',''),(68,12,4,14,1,'12','DIRECCION DE FINANZAS','01','SUBDIRECCIÓN DE FINANZAS','07','DEPARTAMENTO DE FONDO DE PENSIONES E INVERSIONES (AFORE).','00',''),(69,13,5,15,1,'13','DIRECCION DE ADMINISTRACION','01','SUBDIRECCIÓN DE OBRAS, RECURSOS MATERIALES Y MANTENIMIENTO.','01','DEPARTAMENTO DE MANTENIMIENTO Y SUPERVISIÓN DE INMUEBLES.','00',''),(70,13,5,16,1,'13','DIRECCION DE ADMINISTRACION','01','SUBDIRECCIÓN DE OBRAS, RECURSOS MATERIALES Y MANTENIMIENTO.','02','DEPARTAMENTO DE ADQUISICIONES','00',''),(71,13,5,17,1,'13','DIRECCION DE ADMINISTRACION','01','SUBDIRECCIÓN DE OBRAS, RECURSOS MATERIALES Y MANTENIMIENTO.','03','DEPARTAMENTO DE PROYECTOS, ESTRUCTURAS, CONCURSOS, CONTRATOS DE OBRAS Y SERVICIOS.','00',''),(72,13,6,27,1,'13','DIRECCION DE ADMINISTRACION','02','SUBDIRECCIÓN DE BIENES Y SERVICIOS GENERALES','01','DEPARTAMENTO DE ALMACÉN','00',''),(73,13,6,28,1,'13','DIRECCION DE ADMINISTRACION','02','SUBDIRECCIÓN DE BIENES Y SERVICIOS GENERALES','02','DEPARTAMENTO DE INVENTARIO Y BIENES','00',''),(74,13,6,29,1,'13','DIRECCION DE ADMINISTRACION','02','SUBDIRECCIÓN DE BIENES Y SERVICIOS GENERALES','03','DEPARTAMENTO DE SERVICIOS GENERALES','00',''),(75,13,7,34,1,'13','DIRECCION DE ADMINISTRACION','03','SUBDIRECCIÓN DE RECURSOS HUMANOS','01','DEPARTAMENTO DE ADMINISTRACIÓN DE PERSONAL','00',''),(76,13,7,35,1,'13','DIRECCION DE ADMINISTRACION','03','SUBDIRECCIÓN DE RECURSOS HUMANOS','02','DEPARTAMENTO DE PRESTACIONES, AJUSTES, DEDUCCIONES E INCIDENCIAS','00',''),(77,13,7,36,1,'13','DIRECCION DE ADMINISTRACION','03','SUBDIRECCIÓN DE RECURSOS HUMANOS','03','DEPARTAMENTO DE REGISTRO Y CONTROL DE PLANTILLAS','00',''),(78,14,8,18,1,'14','DIRECCION DE PRESTACIONES SOCIOECONOMICAS','01','SUBDIRECCIÓN DE CULTURA, DEPORTE Y RECREACIÓN','01','DEPARTAMENTO DE CULTURA','00',''),(79,14,8,19,1,'14','DIRECCION DE PRESTACIONES SOCIOECONOMICAS','01','SUBDIRECCIÓN DE CULTURA, DEPORTE Y RECREACIÓN','02','DEPARTAMENTO DE DEPORTE Y RECREACIÓN','00',''),(80,14,9,30,1,'14','DIRECCION DE PRESTACIONES SOCIOECONOMICAS','02','SUBDIRECCIÓN DE PRESTACIONES ECONÓMICAS Y PENSIONES','01','DEPARTAMENTO DE AFILIACIÓN','00',''),(81,14,9,31,1,'14','DIRECCION DE PRESTACIONES SOCIOECONOMICAS','02','SUBDIRECCIÓN DE PRESTACIONES ECONÓMICAS Y PENSIONES','02','DEPARTAMENTO DE CRÉDITO A LA VIVIENDA','00',''),(82,14,9,32,1,'14','DIRECCION DE PRESTACIONES SOCIOECONOMICAS','02','SUBDIRECCIÓN DE PRESTACIONES ECONÓMICAS Y PENSIONES','03','DEPARTAMENTO DE PRESTACIONES ECONÓMICAS','00',''),(83,14,9,33,1,'14','DIRECCION DE PRESTACIONES SOCIOECONOMICAS','02','SUBDIRECCIÓN DE PRESTACIONES ECONÓMICAS Y PENSIONES','04','DEPARTAMENTO DE PENSIONES','00',''),(84,14,10,37,1,'14','DIRECCION DE PRESTACIONES SOCIOECONOMICAS','03','SUBDIRECCIÓN DE SERVICIOS ASISTENCIALES','01','DEPARTAMENTO DE SERVICIOS FUNERARIOS','00',''),(85,14,10,38,1,'14','DIRECCION DE PRESTACIONES SOCIOECONOMICAS','03','SUBDIRECCIÓN DE SERVICIOS ASISTENCIALES','02','CENTRO DE CUIDADO DIARIO DEL ADULTO MAYOR','00',''),(86,14,10,39,1,'14','DIRECCION DE PRESTACIONES SOCIOECONOMICAS','03','SUBDIRECCIÓN DE SERVICIOS ASISTENCIALES','03','CENTRO DE DESARROLLO INFANTIL 1','00',''),(87,14,10,40,1,'14','DIRECCION DE PRESTACIONES SOCIOECONOMICAS','03','SUBDIRECCIÓN DE SERVICIOS ASISTENCIALES','04','CENTRO DE DESARROLLO INFANTIL 2','00',''),(88,14,10,41,1,'14','DIRECCION DE PRESTACIONES SOCIOECONOMICAS','03','SUBDIRECCIÓN DE SERVICIOS ASISTENCIALES','05','CENTRO DE DESARROLLO INFANTIL IV','00',''),(89,14,10,42,1,'14','DIRECCION DE PRESTACIONES SOCIOECONOMICAS','03','SUBDIRECCIÓN DE SERVICIOS ASISTENCIALES','06','CENTRO DE DESARROLLO INFANTIL V','00',''),(90,15,11,20,1,'15','DIRECCIÓN DE PRESTACIONES MÉDICAS','01','UNIDAD DE PRESTACIONES MÉDICAS','01','DEPARTAMENTO DE VINCULACION ADMINISTRATIVA','00',''),(91,15,11,21,1,'15','DIRECCIÓN DE PRESTACIONES MÉDICAS','01','UNIDAD DE PRESTACIONES MÉDICAS','02','DEPARTAMENTO DE INVESTIGACIÓN, CAPACITACIÓN Y ENSEÑANZAS','00',''),(92,15,11,22,1,'15','DIRECCIÓN DE PRESTACIONES MÉDICAS','01','UNIDAD DE PRESTACIONES MÉDICAS','03','DEPARTAMENTO DE SALUD PUBLICA Y MEDICINA PREVENTIVA','00',''),(93,15,11,23,1,'15','DIRECCIÓN DE PRESTACIONES MÉDICAS','01','UNIDAD DE PRESTACIONES MÉDICAS','04','DEPARTAMENTO DE MEDICINA LABORAL','00',''),(94,15,11,24,1,'15','DIRECCIÓN DE PRESTACIONES MÉDICAS','01','UNIDAD DE PRESTACIONES MÉDICAS','05','DEPARTAMENTO DE ENFERMERIA','00',''),(95,15,11,25,1,'15','DIRECCIÓN DE PRESTACIONES MÉDICAS','01','UNIDAD DE PRESTACIONES MÉDICAS','06','DEPARTAMENTO DE TRABAJO SOCIAL','00',''),(96,15,13,43,1,'15','DIRECCIÓN DE PRESTACIONES MÉDICAS','03','COORDINACIÓN DE CENTROS REGIONALES','01','CARDENAS','00',''),(97,15,13,44,1,'15','DIRECCIÓN DE PRESTACIONES MÉDICAS','03','COORDINACIÓN DE CENTROS REGIONALES','02','CENTLA','00',''),(98,15,13,45,1,'15','DIRECCIÓN DE PRESTACIONES MÉDICAS','03','COORDINACIÓN DE CENTROS REGIONALES','03','COMALCALCO','00',''),(99,15,13,46,1,'15','DIRECCIÓN DE PRESTACIONES MÉDICAS','03','COORDINACIÓN DE CENTROS REGIONALES','04','EMILIANO ZAPATA','00',''),(100,15,13,47,1,'15','DIRECCIÓN DE PRESTACIONES MÉDICAS','03','COORDINACIÓN DE CENTROS REGIONALES','05','JALAPA','00',''),(101,16,15,26,1,'16','UNIDAD DE TECNOLOGÍAS DE LA INFORMACIÓN Y COMUNICACIONES','01','SUBDIRECCIÓN DE SERVICIOS TECNOLÓGICOS Y MODERNIZACIÓN','01','DEPARTAMENTO DE PROCESAMIENTO DE LA INFORMACIÓN','00',''),(103,1,1,1,2,'01','DIRECCION GENERAL','00','','00','','01','ÁREA ADMINISTRATIVA'),(104,1,1,1,3,'01','DIRECCION GENERAL','00','','00','','01','AREA DE LICITACIONES Y CONCURSOS'),(105,1,1,1,4,'01','DIRECCION GENERAL','00','','00','','02','ÁREA DE PEDIDOS Y FACTURACIÓN'),(106,1,1,1,5,'01','DIRECCION GENERAL','00','','00','','03','ÁREA ADMINISTRATIVA'),(107,4,3,5,6,'04','UNIDAD DE APOYO JURIDICO','01','SUBDIRECCIÓN DE ASUNTOS JURÍDICOS','01','DEPARTAMENTO DE AMPARO Y CONTROL NORMATIVO','01','AREA DE REQUISICIONES'),(108,4,3,6,7,'04','UNIDAD DE APOYO JURIDICO','01','SUBDIRECCIÓN DE ASUNTOS JURÍDICOS','02','DEPARTAMENTO DE VINCULACIÓN INTERINSTITUCIONAL','01','ÁREAS DE MATERIALES DE CURACIÓN'),(109,4,3,6,8,'04','UNIDAD DE APOYO JURIDICO','01','SUBDIRECCIÓN DE ASUNTOS JURÍDICOS','02','DEPARTAMENTO DE VINCULACIÓN INTERINSTITUCIONAL','02','ÁREA DE MEDICAMENTOS'),(110,4,3,6,9,'04','UNIDAD DE APOYO JURIDICO','01','SUBDIRECCIÓN DE ASUNTOS JURÍDICOS','02','DEPARTAMENTO DE VINCULACIÓN INTERINSTITUCIONAL','03','ÁREAS DE MATERIALES DIVERSOS'),(111,4,3,6,10,'04','UNIDAD DE APOYO JURIDICO','01','SUBDIRECCIÓN DE ASUNTOS JURÍDICOS','02','DEPARTAMENTO DE VINCULACIÓN INTERINSTITUCIONAL','04','ÁREA ADMINISTRATIVA'),(112,12,4,10,11,'12','DIRECCION DE FINANZAS','01','SUBDIRECCIÓN DE FINANZAS','03','DEPARTAMENTO DE RECURSOS FINANCIEROS','01','ÁREA DE ALMACÉN'),(113,1,1,1,12,'01','DIRECCION GENERAL','00','','00','','01','DEPARTAMENTO DE VINCULACIÓN ADMINISTRATIVA');
/*!40000 ALTER TABLE `combinaciones_areas` ENABLE KEYS */;
UNLOCK TABLES;

--
-- Table structure for table `departamentos`
--

DROP TABLE IF EXISTS `departamentos`;
/*!40101 SET @saved_cs_client     = @@character_set_client */;
/*!50503 SET character_set_client = utf8mb4 */;
CREATE TABLE `departamentos` (
  `departamento_id` int(11) NOT NULL AUTO_INCREMENT,
  `cve_departamento` varchar(10) CHARACTER SET utf8 COLLATE utf8_general_ci DEFAULT NULL,
  `descripcion` varchar(255) CHARACTER SET utf8 COLLATE utf8_general_ci DEFAULT NULL,
  `estatus` int(11) DEFAULT '1',
  `direccion_id` int(11) DEFAULT NULL,
  `subdireccion_id` int(11) DEFAULT NULL,
  PRIMARY KEY (`departamento_id`) USING BTREE,
  KEY `fk_departamentos_areas_1` (`direccion_id`) USING BTREE,
  KEY `subdireccion_id` (`subdireccion_id`),
  CONSTRAINT `departamentos_ibfk_1` FOREIGN KEY (`subdireccion_id`) REFERENCES `subdirecciones` (`subdireccion_id`),
  CONSTRAINT `departamentos_ibfk_2` FOREIGN KEY (`direccion_id`) REFERENCES `direcciones` (`direccion_id`)
) ENGINE=InnoDB AUTO_INCREMENT=73 DEFAULT CHARSET=utf8 ROW_FORMAT=DYNAMIC;
/*!40101 SET character_set_client = @saved_cs_client */;

--
-- Dumping data for table `departamentos`
--

LOCK TABLES `departamentos` WRITE;
/*!40000 ALTER TABLE `departamentos` DISABLE KEYS */;
INSERT INTO `departamentos` VALUES (1,'00','NINGUNA',1,1,1),(2,'01','DEPARTAMENTO DE AUDITORIA',1,3,2),(3,'02','DEPARTAMENTO DE AUDITORIA MEDICA',1,3,2),(4,'03','DEPARTAMENTO DE FISCALIZACION A ENTES PUBLICOS',1,3,2),(5,'01','DEPARTAMENTO DE AMPARO Y CONTROL NORMATIVO',1,4,3),(6,'02','DEPARTAMENTO DE VINCULACIÓN INTERINSTITUCIONAL',1,4,3),(7,'03','DEPARTAMENTO DE CERTIFICACIÓN Y ENLACE JURÍDICO',1,4,3),(8,'01','DEPARTAMENTO DE INGRESOS Y COBRANZAS',1,12,4),(9,'02','DEPARTAMENTO DE CONTROL PRESUPUESTAL',1,12,4),(10,'03','DEPARTAMENTO DE RECURSOS FINANCIEROS',1,12,4),(11,'04','DEPARTAMENTO DE CONTABILIDAD',1,12,4),(12,'05','DEPARTAMENTO DE RECEPCIÓN Y REVISIÓN DOCUMENTAL',1,12,4),(13,'06','DEPARTAMENTO DE CRÉDITO',1,12,4),(14,'07','DEPARTAMENTO DE FONDO DE PENSIONES E INVERSIONES (AFORE).',1,12,4),(15,'01','DEPARTAMENTO DE MANTENIMIENTO Y SUPERVISIÓN DE INMUEBLES.',1,13,5),(16,'02','DEPARTAMENTO DE ADQUISICIONES',1,13,5),(17,'03','DEPARTAMENTO DE PROYECTOS, ESTRUCTURAS, CONCURSOS, CONTRATOS DE OBRAS Y SERVICIOS.',1,13,5),(18,'01','DEPARTAMENTO DE CULTURA',1,14,8),(19,'02','DEPARTAMENTO DE DEPORTE Y RECREACIÓN',1,14,8),(20,'01','DEPARTAMENTO DE VINCULACION ADMINISTRATIVA',1,15,11),(21,'02','DEPARTAMENTO DE INVESTIGACIÓN, CAPACITACIÓN Y ENSEÑANZAS',1,15,11),(22,'03','DEPARTAMENTO DE SALUD PUBLICA Y MEDICINA PREVENTIVA',1,15,11),(23,'04','DEPARTAMENTO DE MEDICINA LABORAL',1,15,11),(24,'05','DEPARTAMENTO DE ENFERMERIA',1,15,11),(25,'06','DEPARTAMENTO DE TRABAJO SOCIAL',1,15,11),(26,'01','DEPARTAMENTO DE PROCESAMIENTO DE LA INFORMACIÓN',1,16,15),(27,'01','DEPARTAMENTO DE ALMACÉN',1,13,6),(28,'02','DEPARTAMENTO DE INVENTARIO Y BIENES',1,13,6),(29,'03','DEPARTAMENTO DE SERVICIOS GENERALES',1,13,6),(30,'01','DEPARTAMENTO DE AFILIACIÓN',1,14,9),(31,'02','DEPARTAMENTO DE CRÉDITO A LA VIVIENDA',1,14,9),(32,'03','DEPARTAMENTO DE PRESTACIONES ECONÓMICAS',1,14,9),(33,'04','DEPARTAMENTO DE PENSIONES',1,14,9),(34,'01','DEPARTAMENTO DE ADMINISTRACIÓN DE PERSONAL',1,13,7),(35,'02','DEPARTAMENTO DE PRESTACIONES, AJUSTES, DEDUCCIONES E INCIDENCIAS',1,13,7),(36,'03','DEPARTAMENTO DE REGISTRO Y CONTROL DE PLANTILLAS',1,13,7),(37,'01','DEPARTAMENTO DE SERVICIOS FUNERARIOS',1,14,10),(38,'02','CENTRO DE CUIDADO DIARIO DEL ADULTO MAYOR',1,14,10),(39,'03','CENTRO DE DESARROLLO INFANTIL 1',1,14,10),(40,'04','CENTRO DE DESARROLLO INFANTIL 2',1,14,10),(41,'05','CENTRO DE DESARROLLO INFANTIL IV',1,14,10),(42,'06','CENTRO DE DESARROLLO INFANTIL V',1,14,10),(43,'01','CARDENAS',1,15,13),(44,'02','CENTLA',1,15,13),(45,'03','COMALCALCO',1,15,13),(46,'04','EMILIANO ZAPATA',1,15,13),(47,'05','JALAPA',1,15,13),(48,'01','DEPARTAMENTO DE CONTROL INTERNO Y MEJORA DE LA GESTIÓN PÚBLICA',1,3,1),(49,'02','DEPARTAMENTO DE QUEJAS',1,3,1),(50,'01','DEPARTAMENTO DE LO PENAL Y CIVIL',1,4,1),(51,'02','DEPARTAMENTO DE LO CONTENCIOSO ADMINISTRATIVO Y DERECHOS HUMANOS',1,4,1),(52,'03','DEPARTAMENTO DE LO LABORAL',1,4,1),(53,'04','DEPARTAMENTO DE RESPONSABILIDAD LABORAL',1,4,1),(54,'01','DEPARTAMENTO DE CONTENIDO Y SEGUIMIENTO A MEDIOS',1,6,1),(55,'01','DEPARTAMENTO DE ATENCIÓN AL DERECHOHABIENTE EN PRESTACIONES MÉDICAS',1,7,1),(56,'02','DEPARTAMENTO DE ATENCIÓN AL DERECHOHABIENTE DE PRESTACIONES SOCIOECONÓMICAS',1,7,1),(57,'03','DEPARTAMENTO DE VINCULACIÓN Y GESTIÓN INTERINSTITUCIONAL',1,7,1),(58,'01','DEPARTAMENTO DE ARCHIVO DE TRÁMITE',1,9,1),(59,'02','DEPARTAMENTO DE ARCHIVO DE CONCENTRACIÓN',1,9,1),(60,'03','DEPARTAMENTO DE CONCENTRACIÓN Y ARCHIVO HISTÓRICO',1,9,1),(61,'01','DEPARTAMENTO DE ANÁLISIS ACTUARIAL',1,10,1),(62,'02','DEPARTAMENTO DE SEGUIMIENTO Y DESARROLLO A LOS ESTUDIOS ACTUARIALES',1,10,1),(63,'01','DEPARTAMENTO DE PLANEACIÓN Y PROGRAMACIÓN',1,11,1),(64,'02','DEPARTAMENTO DE EVALUACIÓN Y SEGUIMIENTO',1,11,1),(65,'03','DEPARTAMENTO DE INNOVACIÓN Y GESTIÓN DE CALIDAD',1,11,1),(66,'04','DEPARTAMENTO DE CAPACITACIÓN, SERVICIO SOCIAL Y VINCULACIÓN OPERATIVA',1,11,1),(67,'05','DEPARTAMENTO DE ANÁLISIS, ESTADÍSTICA Y PROSPECTIVA',1,11,1),(68,'01','DEPARTAMENTO DE SISTEMAS DE INFORMACIÓN',1,16,1),(69,'02','DEPARTAMENTO DE INFRAESTRUCTURAS TECNOLOGICAS',1,16,1),(70,'03','DEPARTAMENTO DE BASES DE DATOS',1,16,1),(71,'04','DEPARTAMENTO DE APOYO LOGISTICO',1,16,1),(72,'05','DEPARTAMENTO DE SOPORTE TECNICO',1,16,1);
/*!40000 ALTER TABLE `departamentos` ENABLE KEYS */;
UNLOCK TABLES;

--
-- Table structure for table `direcciones`
--

DROP TABLE IF EXISTS `direcciones`;
/*!40101 SET @saved_cs_client     = @@character_set_client */;
/*!50503 SET character_set_client = utf8mb4 */;
CREATE TABLE `direcciones` (
  `direccion_id` int(11) NOT NULL AUTO_INCREMENT,
  `cve_direccion` varchar(10) CHARACTER SET utf8 COLLATE utf8_general_ci DEFAULT NULL,
  `descripcion` varchar(255) CHARACTER SET utf8 COLLATE utf8_general_ci DEFAULT NULL,
  `estatus` int(11) DEFAULT '1',
  PRIMARY KEY (`direccion_id`) USING BTREE
) ENGINE=InnoDB AUTO_INCREMENT=17 DEFAULT CHARSET=utf8 ROW_FORMAT=DYNAMIC;
/*!40101 SET character_set_client = @saved_cs_client */;

--
-- Dumping data for table `direcciones`
--

LOCK TABLES `direcciones` WRITE;
/*!40000 ALTER TABLE `direcciones` DISABLE KEYS */;
INSERT INTO `direcciones` VALUES (1,'01','DIRECCION GENERAL',1),(2,'02','COMISION DICTAMINADORA DE PRESTACIONES SOCIOECNOMICAS',1),(3,'03','ORGANO INTERNO DE CONTROL',1),(4,'04','UNIDAD DE APOYO JURIDICO',1),(5,'05','SECRETARIA PARTICULAR',1),(6,'06','UNIDAD DE VINCULACION EJECUTIVA',1),(7,'07','UNIDAD DE ATENCION A LA DERECHOHABIENCIA',1),(8,'08','UNIDAD DE TRANSPARENCIA',1),(9,'09','UNIDAD COORDINADORA DE ARCHIVOS',1),(10,'10','UNIDAD DE ESTUDIOS ACTUARIALES',1),(11,'11','DIRECCION DE PLANEACION, PROGRAMACION, INNOVACION Y EVALUACION',1),(12,'12','DIRECCION DE FINANZAS',1),(13,'13','DIRECCION DE ADMINISTRACION',1),(14,'14','DIRECCION DE PRESTACIONES SOCIOECONOMICAS',1),(15,'15','DIRECCIÓN DE PRESTACIONES MÉDICAS',1),(16,'16','UNIDAD DE TECNOLOGÍAS DE LA INFORMACIÓN Y COMUNICACIONES',1);
/*!40000 ALTER TABLE `direcciones` ENABLE KEYS */;
UNLOCK TABLES;

--
-- Table structure for table `entes_ejecutores`
--

DROP TABLE IF EXISTS `entes_ejecutores`;
/*!40101 SET @saved_cs_client     = @@character_set_client */;
/*!50503 SET character_set_client = utf8mb4 */;
CREATE TABLE `entes_ejecutores` (
  `ente_ejecutor_id` int(11) NOT NULL AUTO_INCREMENT,
  `descripcion` varchar(255) DEFAULT NULL,
  PRIMARY KEY (`ente_ejecutor_id`)
) ENGINE=InnoDB AUTO_INCREMENT=6 DEFAULT CHARSET=utf8;
/*!40101 SET character_set_client = @saved_cs_client */;

--
-- Dumping data for table `entes_ejecutores`
--

LOCK TABLES `entes_ejecutores` WRITE;
/*!40000 ALTER TABLE `entes_ejecutores` DISABLE KEYS */;
INSERT INTO `entes_ejecutores` VALUES (1,'Instituto de Seguridad Social del Estado de Tabasco'),(2,'Dirección de Finanzas'),(3,'Direccion de Recursos Humanos'),(4,'Unidad de Organo Interno de Control'),(5,'Dirección de Planeación');
/*!40000 ALTER TABLE `entes_ejecutores` ENABLE KEYS */;
UNLOCK TABLES;

--
-- Table structure for table `estatus_acuerdos`
--

DROP TABLE IF EXISTS `estatus_acuerdos`;
/*!40101 SET @saved_cs_client     = @@character_set_client */;
/*!50503 SET character_set_client = utf8mb4 */;
CREATE TABLE `estatus_acuerdos` (
  `estatus_acuerdo_id` int(11) NOT NULL AUTO_INCREMENT,
  `descripcion` varchar(50) CHARACTER SET utf8mb4 COLLATE utf8mb4_0900_ai_ci NOT NULL,
  `estatus` int(11) DEFAULT '1',
  `clave` varchar(10) DEFAULT NULL,
  `status_html` varchar(255) DEFAULT NULL,
  PRIMARY KEY (`estatus_acuerdo_id`)
) ENGINE=InnoDB AUTO_INCREMENT=5 DEFAULT CHARSET=utf8mb4 COLLATE=utf8mb4_0900_ai_ci;
/*!40101 SET character_set_client = @saved_cs_client */;

--
-- Dumping data for table `estatus_acuerdos`
--

LOCK TABLES `estatus_acuerdos` WRITE;
/*!40000 ALTER TABLE `estatus_acuerdos` DISABLE KEYS */;
INSERT INTO `estatus_acuerdos` VALUES (1,'Nuevo',1,NULL,NULL),(2,'En Proceso',1,NULL,NULL),(3,'Terminado',1,NULL,NULL),(4,'Reabierto',1,NULL,NULL);
/*!40000 ALTER TABLE `estatus_acuerdos` ENABLE KEYS */;
UNLOCK TABLES;

--
-- Table structure for table `estrategias_programa`
--

DROP TABLE IF EXISTS `estrategias_programa`;
/*!40101 SET @saved_cs_client     = @@character_set_client */;
/*!50503 SET character_set_client = utf8mb4 */;
CREATE TABLE `estrategias_programa` (
  `estrategia_programa_id` int(11) NOT NULL AUTO_INCREMENT,
  `descripcion` text CHARACTER SET utf8 COLLATE utf8_general_ci,
  `estatus` int(11) DEFAULT '1',
  `objetivo_programa_id` int(11) DEFAULT NULL,
  `ejercicio` varchar(4) CHARACTER SET utf8 COLLATE utf8_general_ci DEFAULT NULL,
  PRIMARY KEY (`estrategia_programa_id`) USING BTREE,
  KEY `objetivo_programa_id` (`objetivo_programa_id`),
  CONSTRAINT `estrategias_programa_ibfk_1` FOREIGN KEY (`objetivo_programa_id`) REFERENCES `objetivos_programas` (`objetivo_programa_id`)
) ENGINE=InnoDB AUTO_INCREMENT=9 DEFAULT CHARSET=utf8 ROW_FORMAT=DYNAMIC;
/*!40101 SET character_set_client = @saved_cs_client */;

--
-- Dumping data for table `estrategias_programa`
--

LOCK TABLES `estrategias_programa` WRITE;
/*!40000 ALTER TABLE `estrategias_programa` DISABLE KEYS */;
INSERT INTO `estrategias_programa` VALUES (1,'2.19.8.1.1. LLEVAR A CABO UN REDISEÑO HOLÍSTICO DEL INSTITUTO A TRAVÉS DEL FORTALECIMIENTO DEL MARCO NORMATIVO Y DE LA MODERNIZACIÓN DE LOS MECANISMOS DE GESTIÓN ADMINISTRATIVA Y DE AUDITORIA.',1,1,NULL),(2,'2.19.8.1.2. DISEÑAR PROCESOS DE INNOVACIÓN ADMINISTRATIVA Y OPERATIVA QUE PERMITAN INCREMENTAR LA CALIDAD DEL SERVICIO DE LAS UNIDADES ADMINISTRATIVAS DEL INSTITUTO.',1,1,NULL),(3,'2.19.8.1.3. IMPLEMENTAR UN PROGRAMA QUE INCENTIVE LA EQUIDAD REGIONAL, A TRAVÉS DEL USO DE CENTROS REGIONALES ISSET.',1,1,NULL),(4,'2.19.8.2.1. RESTRUCTURAR LOS MECANISMOS DE RECAUDACIÓN DE APORTACIONES Y CUOTAS ASIGNADAS POR LA LEY DE SEGURIDAD SOCIAL DEL ESTADO DE TABASCO, PARA FINANCIAR EL SISTEMA DE PENSIONES.',1,2,NULL),(5,'2.19.8.2.2. FORTALECER EL PROCESO DE TRÁMITES EN LA ATENCIÓN DE LAS PRESTACIONES SOCIOECONÓMICAS A LOS DERECHOHABIENTES',1,2,NULL),(6,'2.19.8.3.1. IMPLEMENTAR PROCESOS EFICACES DE ATENCIÓN MÉDICA A TRAVÉS DEL RESULTADO DE UN DIAGNÓSTICO ORGANIZACIONAL DE LOS SERVICIOS CON APEGO A LOS PRINCIPIOS ÉTICOS.',1,3,NULL),(7,'2.19.8.3.2. ESTABLECER UN PROGRAMA DE SALUD SOCIAL, QUE CORRESPONSABILICE A LOS DERECHOHABIENTES.',1,3,NULL),(8,'2.19.8.4.1. REALIZAR UN PROGRAMA DE MODERNIZACIÓN, AMPLIACIÓN, Y/O REHABILITACIÓN QUE INCENTIVE LA ACTUALIZACIÓN DE LA INFRAESTRUCTURA MÉDICA, EN BENEFICIO DE OTORGAR UNA MAYOR CALIDAD EN EL SERVICIO A LOS DERECHOHABIENTES.',1,4,NULL);
/*!40000 ALTER TABLE `estrategias_programa` ENABLE KEYS */;
UNLOCK TABLES;

--
-- Table structure for table `firmantes`
--

DROP TABLE IF EXISTS `firmantes`;
/*!40101 SET @saved_cs_client     = @@character_set_client */;
/*!50503 SET character_set_client = utf8mb4 */;
CREATE TABLE `firmantes` (
  `firmante_id` int(11) NOT NULL AUTO_INCREMENT,
  `direccion_id` int(11) DEFAULT NULL,
  `subdireccion_id` int(11) DEFAULT NULL,
  `departamento_id` int(11) DEFAULT NULL,
  `area_id` int(11) DEFAULT NULL,
  `cve_cuenta` varchar(10) DEFAULT NULL,
  `fecha_inicio` date DEFAULT NULL,
  `fecha_termino` date DEFAULT NULL,
  `estatus` int(11) DEFAULT '1',
  PRIMARY KEY (`firmante_id`)
) ENGINE=InnoDB AUTO_INCREMENT=5 DEFAULT CHARSET=utf8;
/*!40101 SET character_set_client = @saved_cs_client */;

--
-- Dumping data for table `firmantes`
--

LOCK TABLES `firmantes` WRITE;
/*!40000 ALTER TABLE `firmantes` DISABLE KEYS */;
INSERT INTO `firmantes` VALUES (1,11,1,64,1,'114086','2021-03-02','2021-12-12',1),(2,11,1,64,1,'208478','2021-03-02','2021-12-12',1),(3,11,1,1,1,'170224','2021-03-02','2021-12-12',1),(4,1,1,1,1,'101010','2021-03-02','2021-12-12',1);
/*!40000 ALTER TABLE `firmantes` ENABLE KEYS */;
UNLOCK TABLES;

--
-- Table structure for table `fuentes_financiamiento`
--

DROP TABLE IF EXISTS `fuentes_financiamiento`;
/*!40101 SET @saved_cs_client     = @@character_set_client */;
/*!50503 SET character_set_client = utf8mb4 */;
CREATE TABLE `fuentes_financiamiento` (
  `fuente_finaciamiento_id` int(11) NOT NULL AUTO_INCREMENT,
  `cve_fuente_financiamiento` varchar(10) CHARACTER SET utf8 COLLATE utf8_general_ci DEFAULT NULL,
  `descripcion` varchar(255) CHARACTER SET utf8 COLLATE utf8_general_ci DEFAULT NULL,
  `estatus` int(11) DEFAULT '1',
  PRIMARY KEY (`fuente_finaciamiento_id`) USING BTREE
) ENGINE=InnoDB AUTO_INCREMENT=7 DEFAULT CHARSET=utf8 ROW_FORMAT=DYNAMIC;
/*!40101 SET character_set_client = @saved_cs_client */;

--
-- Dumping data for table `fuentes_financiamiento`
--

LOCK TABLES `fuentes_financiamiento` WRITE;
/*!40000 ALTER TABLE `fuentes_financiamiento` DISABLE KEYS */;
INSERT INTO `fuentes_financiamiento` VALUES (1,'1','RECURSOS FISCALES',1),(2,'2','FINANCIAMIENTOS INTERNOS',1),(3,'3','INGRESOS PROPIOS',1),(4,'4','RECURSOS FEDERALES',1),(5,'5','RECURSOS ESTATALES',1),(6,'6','RECURSOS EXTERNOS',1);
/*!40000 ALTER TABLE `fuentes_financiamiento` ENABLE KEYS */;
UNLOCK TABLES;

--
-- Table structure for table `lineas_accion`
--

DROP TABLE IF EXISTS `lineas_accion`;
/*!40101 SET @saved_cs_client     = @@character_set_client */;
/*!50503 SET character_set_client = utf8mb4 */;
CREATE TABLE `lineas_accion` (
  `linea_accion_id` int(11) NOT NULL AUTO_INCREMENT,
  `descripcion` varchar(255) DEFAULT NULL,
  `estatus` int(11) DEFAULT NULL,
  `objetivo_programa_id` int(11) DEFAULT NULL,
  `estrategia_programa_id` int(11) DEFAULT NULL,
  `ejercicio` int(11) DEFAULT NULL,
  PRIMARY KEY (`linea_accion_id`),
  KEY `estrategia_programa_id` (`estrategia_programa_id`),
  CONSTRAINT `lineas_accion_ibfk_1` FOREIGN KEY (`estrategia_programa_id`) REFERENCES `estrategias_programa` (`estrategia_programa_id`)
) ENGINE=InnoDB AUTO_INCREMENT=26 DEFAULT CHARSET=utf8;
/*!40101 SET character_set_client = @saved_cs_client */;

--
-- Dumping data for table `lineas_accion`
--

LOCK TABLES `lineas_accion` WRITE;
/*!40000 ALTER TABLE `lineas_accion` DISABLE KEYS */;
INSERT INTO `lineas_accion` VALUES (1,'2.19.8.1.1.1. ESTABLECER LOS PRINCIPIOS DE ÉTICA, COMBATE A LA CORRUPCIÓN Y PERSPECTIVA DE GÉNERO COMO POLÍTICA TRANSVERSAL AL INTERIOR DEL INSTITUTO.',1,1,1,NULL),(2,'2.19.8.1.1.2. SANEAR LAS FINANZAS DEL INSTITUTO MEDIANTE UN PROGRAMA DE REGULARIZACIÓN DE APORTACIONES CON FUNDAMENTO DE INSTRUMENTOS LEGALES REFORMADOS QUE OBLIGUEN A LOS ENTES PÚBLICOS AL CUMPLIMIENTO DEL PAGO DE SUS APORTACIONES.',1,1,5,NULL),(3,'2.19.8.1.1.3. PROPONER ESTRATEGIAS DE APORTACIONES ORDINARIAS DENTRO DEL PRESUPUESTO DE EGRESOS PARA FORTALECER LA SEGURIDAD SOCIAL.',1,1,8,NULL),(4,'2.19.8.1.1.4. REALIZAR UNA PROPUESTA DE ADECUACIÓN AL MARCO NORMATIVO INTERNO VIGENTE, QUE PERMITA SEGUIR OFRECIENDO UN SERVICIO INTEGRAL EN LO CONCERNIENTE A PRESTACIONES MÉDICAS, ECONÓMICAS, SOCIALES QUE IMPLICA: ACCIONES CULTURALES, RECREATIVAS Y DEPOR',1,1,2,NULL),(5,'2.19.8.1.1.5. REALIZAR LA REVISIÓN Y ANÁLISIS DEL REGLAMENTO INTERNO, QUE PERMITA IDENTIFICAR LAS FUNCIONES ESPECÍFICAS Y DELIMITAR COMPETENCIAS DE LAS UNIDADES ADMINISTRATIVAS, QUE INCENTIVEN UNA MAYOR EFICIENCIA ADMINISTRATIVA Y OPERATIVA.',1,1,2,NULL),(6,'2.19.8.1.1.6. FOMENTAR MECANISMOS DE TRANSPARENCIA Y RENDICIÓN DE CUENTAS EN EL OTORGAMIENTO DE PRESTACIONES MÉDICAS, ECONÓMICAS, SOCIALES Y CULTURALES.',1,1,2,NULL),(7,'2.19.8.1.2.1. ESTABLECER MECANISMOS QUE INCENTIVEN Y PROMUEVAN LA VINCULACIÓN INTERINSTITUCIONAL CON LOS TRES ÓRDENES DE GOBIERNO, ASÍ COMO CON ORGANISMOS DE LA SOCIEDAD CIVIL, ACADÉMICA Y CIENTÍFICA, CON LA FINALIDAD DE IMPULSAR LA CULTURA DE LA SEGURIDA',1,1,2,NULL),(8,'2.19.8.1.2.2. PROMOVER LA COOPERACIÓN INTERNACIONAL PARA EL DESARROLLO EN SALUD Y EN GENERAL PARA LA SEGURIDAD SOCIAL.',1,1,2,NULL),(9,'2.19.8.1.2.3. ACTUALIZAR EL PADRÓN DE DERECHOHABIENTES DEL ISSET EN COLABORACIÓN CON LOS ENTES PÚBLICOS Y SECTORES INVOLUCRADOS PARA LA COINVERSIÓN INSTITUCIONAL.',1,1,2,NULL),(10,'2.19.8.1.3.1. ESTABLECER CENTROS REGIONALES ISSET EN COORDINACIÓN CON LAS UNIDADES DE MEDICINA FAMILIAR, QUE COADYUVEN A INCREMENTAR LA COBERTURA DE LOS SERVICIOS MÉDICOS Y EN PRESTACIONES SOCIOECONÓMICAS.',1,1,3,NULL),(11,'2.19.8.2.1.1. REALIZAR PROPUESTAS PARA LA MODIFICACIÓN DE LOS MECANISMOS DE RECAUDACIÓN DE APORTACIONES Y CUOTAS, QUE PERMITAN ALCANZAR LA SUSTENTABILIDAD FINANCIERA.',1,2,2,NULL),(12,'2.19.8.2.1.2. ESTABLECER UN PROGRAMA DE DISMINUCIÓN DE PASIVOS PATRONALES, CON LA FINALIDAD DE RESCATAR LAS FINANZAS PÚBLICAS DEL INSTITUTO, EN BENEFICIO DE LA POBLACIÓN DERECHOHABIENTE.',1,2,2,NULL),(13,'2.19.8.2.1.3. SOLICITAR AL GOBIERNO DEL ESTADO, APORTACIONES ORDINARIAS PARA FINANCIAR LA SEGURIDAD SOCIAL, QUE PERMITA LA SOSTENIBILIDAD FINANCIERA DEL INSTITUTO.',1,2,2,NULL),(14,'2.19.8.2.1.4. REALIZAR PROYECCIONES ACTUARIALES OBJETIVAS DEL INSTITUTO, QUE COADYUVEN EN LA MEJORA DE LOS SERVICIOS QUE RECIBEN LOS DERECHOHABIENTES, BASADOS EN UN PADRÓN CONFIABLE.',1,2,2,NULL),(15,'2.19.8.2.2.1. REACTIVAR EL CRÉDITO A LA VIVIENDA.',1,2,2,NULL),(16,'2.19.8.2.2.2. ESTABLECER LA CASA DE LA CULTURA ISSET PARA LLEVAR A CABO ACTIVIDADES CULTURALES, EDUCATIVAS, ARTÍSTICAS Y RECREATIVAS A LA POBLACIÓN DERECHOHABIENTE.',1,2,2,NULL),(17,'2.19.8.3.1.1. AGILIZAR LA ATENCIÓN MÉDICA EN LAS UNIDADES DE MEDICINA FAMILIAR ISSET, A TRAVÉS DE LA MODERNIZACIÓN ADMINISTRATIVA Y EL USO DE TECNOLOGÍAS DE LA INFORMACIÓN.',1,3,2,NULL),(18,'2.19.8.3.1.2. ESTABLECER UN PROGRAMA DE ADQUISICIÓN Y/O MEJORAMIENTO DE EQUIPOS, MATERIALES MÉDICOS Y MEDICAMENTOS, QUE INCENTIVEN UNA MAYOR CALIDAD DE LOS SERVICIOS, EN BENEFICIO DE LOS DERECHOHABIENTES.',1,3,2,NULL),(19,'2.19.8.3.1.3. FIRMAR CONVENIOS CON INSTITUCIONES DE EDUCACIÓN SUPERIOR PARA LA ADMISIÓN DE PASANTES E INTERNOS DE PREGRADO EN LAS UNIDADES MÉDICAS ISSET, CON LA FINALIDAD DE COADYUVAR EN LA ADQUISICIÓN DE CONOCIMIENTOS PRÁCTICOS, Y DETONE EN UNA MAYOR CAL',1,3,2,NULL),(20,'2.19.8.3.2.1. INSTAURAR UN PROGRAMA QUE INCENTIVE LA APLICACIÓN DEL MODELO DE ATENCIÓN INTEGRAL EN MEDICINA PREVENTIVA, CON LA FINALIDAD DE COADYUVAR EN UNA MAYOR CALIDAD EN EL SERVICIO DE LOS DERECHOHABIENTES.',1,3,2,NULL),(21,'2.19.8.3.2.2. REFORZAR A TRAVÉS DE MECANISMOS ADMINISTRATIVOS Y/O OPERATIVOS EL SISTEMA DE REFERENCIA Y CONTRA REFERENCIA DEL ISSET.',1,3,2,NULL),(22,'2.19.8.3.2.3. BRINDAR ATENCIÓN DOMICILIARIA A LOS DERECHOHABIENTES PARA CONSOLIDAR LA MEDICINA PREVENTIVA, MEDIANTE EL PROGRAMA ISSET EN TU CASA.',1,3,2,NULL),(23,'2.19.8.3.2.4. OTORGAR ATENCIÓN MÉDICA PRIORITARIA AL TRABAJADOR, A TRAVÉS DEL PROGRAMA DE ATENCIÓN INTEGRAL AL TRABAJADOR (PAIT).',1,3,2,NULL),(24,'2.19.8.3.2.5. ENTREGAR CON OPORTUNIDAD, CALIDAD Y CALIDEZ, LOS MEDICAMENTOS MEDIANTE EL PROGRAMA FARMAISSET.',1,3,2,NULL),(25,'2.19.8.4.1.1. CONSTRUIR UN NUEVO HOSPITAL DE ESPECIALIDADES MÉDICAS PARA LOS DERECHOHABIENTES DEL ISSET.',1,4,2,NULL);
/*!40000 ALTER TABLE `lineas_accion` ENABLE KEYS */;
UNLOCK TABLES;

--
-- Table structure for table `localidades`
--

DROP TABLE IF EXISTS `localidades`;
/*!40101 SET @saved_cs_client     = @@character_set_client */;
/*!50503 SET character_set_client = utf8mb4 */;
CREATE TABLE `localidades` (
  `localidad_id` int(11) NOT NULL AUTO_INCREMENT,
  `descripcion` varchar(255) DEFAULT NULL,
  `ambito_id` varchar(1) DEFAULT NULL,
  `municipio_id` int(11) DEFAULT NULL,
  PRIMARY KEY (`localidad_id`)
) ENGINE=InnoDB AUTO_INCREMENT=2718 DEFAULT CHARSET=utf8;
/*!40101 SET character_set_client = @saved_cs_client */;

--
-- Dumping data for table `localidades`
--

LOCK TABLES `localidades` WRITE;
/*!40000 ALTER TABLE `localidades` DISABLE KEYS */;
INSERT INTO `localidades` VALUES (1,'Balancán','U',1),(2,'Agricultores del Norte 1ra. Sección','R',1),(3,'El Águila','R',1),(4,'Apatzingán','R',1),(5,'El Arenal','R',1),(6,'Arroyo el Triunfo 1ra. Sección','R',1),(7,'Bajo Netzahualcoyotl','R',1),(8,'El Barí','R',1),(9,'Buenavista Veintitrés','R',1),(10,'Capitán Felipe Castellanos Díaz (San Pedro)','R',1),(11,'El Capulín','R',1),(12,'Carlos A. Madrazo Becerra','R',1),(13,'Los Cenotes','R',1),(14,'Centro Usumacinta','R',1),(15,'Quetzalcóatl (Cuatro Poblados)','R',1),(16,'La Cuchilla','R',1),(17,'Cuyos de Caoba','R',1),(18,'Chancabal','R',1),(19,'Tarimas (Emiliano Zapata)','R',1),(20,'Guajimalpa 1ra. Sección','R',1),(21,'La Hulería','R',1),(22,'Isla Missicab','R',1),(23,'Jolochero','R',1),(24,'Josefa Ortíz de Domínguez','R',1),(25,'Ojo de Agua','R',1),(26,'Leona Vicario','R',1),(27,'Leona Vicario','R',1),(28,'Macayal','R',1),(29,'Mactún','R',1),(30,'Las Mercedes','R',1),(31,'Missicab','R',1),(32,'Multé','R',1),(33,'El Naranjito','R',1),(34,'Netzahualcóyotl (Santa Ana)','R',1),(35,'Nicolás Bravo (San Nicolás)','R',1),(36,'El Pato','R',1),(37,'Pejelagarto 1ra. Sección','R',1),(38,'Paraíso (El Tinto)','R',1),(39,'El Pípila','R',1),(40,'Missicab (La Pita)','R',1),(41,'Adolfo López Mateos','R',1),(42,'El Ramonal','R',1),(43,'La Revancha','R',1),(44,'San Elpidio (Banco de Grava)','R',1),(45,'San José del Río','R',1),(46,'San Juan','R',1),(47,'Miguel Hidalgo Sacaolas','R',1),(48,'Santa Cruz','R',1),(49,'Santa Rosa','R',1),(50,'El Cibalito','R',1),(51,'Soledad','R',1),(52,'Suniná','R',1),(53,'Las Tablas','R',1),(54,'Tierra Blanca','R',1),(55,'El Triunfo','U',1),(56,'Uquina y la Loma','R',1),(57,'Vicente Guerrero','R',1),(58,'Jahuactal','R',1),(59,'Constitución','R',1),(60,'El Mical','R',1),(61,'El Pozo (El Pocito)','R',1),(62,'Francisco I. Madero 1ra. Sección','R',1),(63,'Otatal','R',1),(64,'Zacatecas','R',1),(65,'San Joaquín 1ra. Sección','R',1),(66,'Santa Cruz','R',1),(67,'Laguna Colorada','R',1),(68,'Las Tarimas','R',1),(69,'General Luis Felipe Domínguez Suárez','R',1),(70,'Pajonal','R',1),(71,'El Pichi','R',1),(72,'El Faustino','R',1),(73,'La Esperanza','R',1),(74,'Licenciado Gustavo Díaz Ordaz','R',1),(75,'El Luinar','R',1),(76,'Acatempan','R',1),(77,'Acatempan','R',1),(78,'El Achotal','R',1),(79,'Presidente Adolfo López Mateos','R',1),(80,'Agua Bendita','R',1),(81,'El Dorado','R',1),(82,'El Nopalito','R',1),(83,'Altamira','R',1),(84,'Arroyo el Triunfo 2da. Sección','R',1),(85,'El Bajío','R',1),(86,'El Belén','R',1),(87,'El Bilín','R',1),(88,'Buena Vista','R',1),(89,'Buenavista','R',1),(90,'Buenavista','R',1),(91,'Las Campanas','R',1),(92,'El Caoba','R',1),(93,'El Deseo','R',1),(94,'Las Carmelitas','R',1),(95,'El Carmen','R',1),(96,'Catec','R',1),(97,'El Clavo','R',1),(98,'Los Colorines','R',1),(99,'El Cristo','R',1),(100,'Nuevo Xochimilco','R',1),(101,'Cuatro Caminos','R',1),(102,'La Cueva','R',1),(103,'Las Cumbres','R',1),(104,'El Cupimo','R',1),(105,'El Manantial','R',1),(106,'Chacabita','R',1),(107,'El Chamizal','R',1),(108,'El Chinal','R',1),(109,'Las Delicias','R',1),(110,'El Desengaño','R',1),(111,'El Diamante','R',1),(112,'El Progreso','R',1),(113,'Dos Hermanos','R',1),(114,'La Escondida','R',1),(115,'El Paraíso','R',1),(116,'El Garrafón','R',1),(117,'La Gloria','R',1),(118,'La Gloria','R',1),(119,'Los Gómez','R',1),(120,'Santa Elena','R',1),(121,'La Herradura','R',1),(122,'Nueva Esperanza','R',1),(123,'La Huasteca','R',1),(124,'Jalisco','R',1),(125,'El Jobal','R',1),(126,'El Limón','R',1),(127,'Vicente Lombardo Toledano','R',1),(128,'Lontanasa','R',1),(129,'Santa Cruz','R',1),(130,'La Lucha','R',1),(131,'Corpus Christi','R',1),(132,'El Llano','R',1),(133,'Mata de la Hoja','R',1),(134,'Miguel Hidalgo y Costilla','R',1),(135,'Las Minitas','R',1),(136,'Monte Líbano','R',1),(137,'El Nido','R',1),(138,'San Jorge','R',1),(139,'La Nueva Lucha','R',1),(140,'Nueva Orma','R',1),(141,'Campo Alto','R',1),(142,'Nuevo Paraíso','R',1),(143,'Ojo de Agua','R',1),(144,'Las Palmas','R',1),(145,'Paraíso','R',1),(146,'El Paraíso','R',1),(147,'Los Parra','R',1),(148,'La Gironda','R',1),(149,'San Francisco','R',1),(150,'Pejelagarto 2da. Sección','R',1),(151,'El Pimiental','R',1),(152,'San José','R',1),(153,'El Porvenir','R',1),(154,'El Porvenir','R',1),(155,'La Poza (La Hulería)','R',1),(156,'El Pocito','R',1),(157,'Copropiedad Santa Rosenda (Chupacabras)','R',1),(158,'Reforma (Provincia)','R',1),(159,'Los Robles','R',1),(160,'Mi Ranchito','R',1),(161,'El Rosarito','R',1),(162,'María de Jesús','R',1),(163,'El Sacrificio','R',1),(164,'La Providencia (Parada San Antonio)','R',1),(165,'La Purísima','R',1),(166,'San Antonio','R',1),(167,'Caobal','R',1),(168,'La Victoria','R',1),(169,'San Francisco','R',1),(170,'El Cedro','R',1),(171,'San Jorge','R',1),(172,'San José de Palmiras','R',1),(173,'San Juanito','R',1),(174,'San Lazarito','R',1),(175,'San Luis','R',1),(176,'San Manuel','R',1),(177,'La Gloria','R',1),(178,'El Vergel (Los Trescientos)','R',1),(179,'Santa Ana','R',1),(180,'Santa Celia','R',1),(181,'San Fernando','R',1),(182,'El Chimón','R',1),(183,'Santa Isabel','R',1),(184,'Santa Lucía','R',1),(185,'Santa Rosa','R',1),(186,'Santa Teresa','R',1),(187,'Santo Domingo','R',1),(188,'La Silvita','R',1),(189,'Los Naranjos (Sofocante)','R',1),(190,'Sonora','R',1),(191,'El Tintal Grande','R',1),(192,'Los Tres Hermanos','R',1),(193,'Vicente Guerrero Sección Cuba','R',1),(194,'La Victoria','R',1),(195,'El Zapotal','R',1),(196,'El Pitayo','R',1),(197,'Hermanas Priego','R',1),(198,'San Felipe','R',1),(199,'Epimenio Espinoza','R',1),(200,'No Te Metas','R',1),(201,'El Zapote','R',1),(202,'Alianza Balancán','R',1),(203,'Frente Único','R',1),(204,'Cancún','R',1),(205,'El Faisán','R',1),(206,'Isla Conja','R',1),(207,'Mi Gran Aventura','R',1),(208,'San Gregorio','R',1),(209,'Santa Martha','R',1),(210,'Plan de Guadalupe','R',1),(211,'El Pajaral','R',1),(212,'El Cedro','R',1),(213,'La Mina','R',1),(214,'El Dollar','R',1),(215,'San Andrés','R',1),(216,'Guajimalpa 2da. Sección','R',1),(217,'José Narciso Rovirosa','R',1),(218,'El Tacistal','R',1),(219,'El Suspiro','R',1),(220,'La Lucha','R',1),(221,'La Papaya (Manuel Rosado)','R',1),(222,'Tequisquiapan','R',1),(223,'San Marcos','R',1),(224,'San Judas Tadeo','R',1),(225,'Santa Adela','R',1),(226,'Plan de Guadalupe Sección Central','R',1),(227,'La Gloria','R',1),(228,'Potrero del Llano','R',1),(229,'El Doble G','R',1),(230,'El Palomar','R',1),(231,'Palmira','R',1),(232,'El Repudio','R',1),(233,'Los Venados','R',1),(234,'El Naranjito','R',1),(235,'San Juan del Río','R',1),(236,'Agua Negra','R',1),(237,'El Porvenir','R',1),(238,'La Florida','R',1),(239,'Santa Rosa','R',1),(240,'El Paraíso','R',1),(241,'San Felipe','R',1),(242,'El Caporal','R',1),(243,'Piedra Santa','R',1),(244,'San Francisco','R',1),(245,'El Rosario','R',1),(246,'Santa Isabel','R',1),(247,'Salvador','R',1),(248,'Cuatro Hermanos','R',1),(249,'Mag','R',1),(250,'Chalcamaloya','R',1),(251,'Francisco Villa','R',1),(252,'El Tamarindo','R',1),(253,'La Torre','R',1),(254,'La Veleta','R',1),(255,'El Colmenar','R',1),(256,'El Cortador','R',1),(257,'Chajol','R',1),(258,'El Limoncito','R',1),(259,'El Chaparral','R',1),(260,'El Tiradero (El Ramón)','R',1),(261,'Texas (Vidamar)','R',1),(262,'San Cosme','R',1),(263,'La Providencia','R',1),(264,'San Martín','R',1),(265,'San Miguel','R',1),(266,'Santa Catalina','R',1),(267,'Cibal de la Gloria','R',1),(268,'Asunción','R',1),(269,'Último Esfuerzo','R',1),(270,'Zaragoza','R',1),(271,'Santa María','R',1),(272,'Santa Cruz','R',1),(273,'Las Maravillas (Bonanza)','R',1),(274,'El Pucté','R',1),(275,'El Carmen','R',1),(276,'Santa Clara','R',1),(277,'El Consuelo','R',1),(278,'Isla la Botica','R',1),(279,'Cementerio de los Mayas (El Caballero)','R',1),(280,'Isla el Chipre','R',1),(281,'San Antonio','R',1),(282,'Acalán','R',1),(283,'El Descanso','R',1),(284,'Cascadas de Reforma','R',1),(285,'Palomas','R',1),(286,'El Mango','R',1),(287,'San Nicolás','R',1),(288,'Buena Vista','R',1),(289,'El Herradero','R',1),(290,'San Lázaro','R',1),(291,'La Nueva Lucha','R',1),(292,'San Pedro','R',1),(293,'Ingeniero Mario Calcáneo Sánchez','R',1),(294,'Licenciado Gustavo Díaz Ordaz 2da. Sección','R',1),(295,'San Miguel','R',1),(296,'Las Cabañas','R',1),(297,'Santa Elena','R',1),(298,'El Recuerdo','R',1),(299,'Catalina (Altamira)','R',1),(300,'La Providencia','R',1),(301,'San Juan (Guerrero)','R',1),(302,'Los Mangos','R',1),(303,'La Poza de la Tortuga','R',1),(304,'El Foco','R',1),(305,'Isla Santa Ana','R',1),(306,'San Lazarito','R',1),(307,'Santo Domingo','R',1),(308,'El Silencio','R',1),(309,'La Lupita','R',1),(310,'Águilas del Norte','R',1),(311,'Molino de Arroz','R',1),(312,'El Sacrificio','R',1),(313,'La Sultana Dos (Caba Hermanos)','R',1),(314,'Los Triángulos','R',1),(315,'Santa María Luisa','R',1),(316,'San Carlos','R',1),(317,'Canta Rana','R',1),(318,'La Guadalupe','R',1),(319,'Santa Rosalía','R',1),(320,'La Camaronera','R',1),(321,'Santa Rosa','R',1),(322,'El Achotal','R',1),(323,'El Aguacate','R',1),(324,'3 Potrillos','R',1),(325,'Rancho Alegre','R',1),(326,'Pangolar','R',1),(327,'Los Pinos','R',1),(328,'El Cambio','R',1),(329,'El Pleito','R',1),(330,'El Triunfo','R',1),(331,'San José','R',1),(332,'San Francisco','R',1),(333,'La Pava','R',1),(334,'Santa Fe','R',1),(335,'Emiliano Zapata Salazar','R',1),(336,'Cuauhtémoc','R',1),(337,'El Destino','R',1),(338,'Ingeniero Emilio López Zamora','R',1),(339,'El Mical','R',1),(340,'Aguacatal Dos','R',1),(341,'El Sacrificio','R',1),(342,'Graciela Pintado de Madrazo','R',1),(343,'La Santa Cruz','R',1),(344,'La Cruz de Belén','R',1),(345,'Los Tres Reyes','R',1),(346,'El Faisán','R',1),(347,'La Gloria','R',1),(348,'Los Hermanos Hernández','R',1),(349,'Santa Martha','R',1),(350,'San Manuel','R',1),(351,'San Miguel','R',1),(352,'La Trinidad','R',1),(353,'La Envidia','R',1),(354,'La Esperanza','R',1),(355,'San Joaquín','R',1),(356,'San Manuel','R',1),(357,'La Lupita','R',1),(358,'La Guadalupe','R',1),(359,'El Roblar','R',1),(360,'Santa Josefa','R',1),(361,'Santa Lucía','R',1),(362,'La Esperancita','R',1),(363,'San Francisco','R',1),(364,'El Marino','R',1),(365,'Nueva Esperanza','R',1),(366,'El Paraíso','R',1),(367,'La Pista','R',1),(368,'Rafael Palmer Cámara','R',1),(369,'Campo Alto (El Tamarindo)','R',1),(370,'La Unión','R',1),(371,'El Ajusco (Plan de Guadalupe)','R',1),(372,'El Cocotero','R',1),(373,'Dos Estrellas','R',1),(374,'Plan de Guadalupe (El Guapaque)','R',1),(375,'Las Maravillas','R',1),(376,'El Recreo','R',1),(377,'El Retacito','R',1),(378,'El Rinconcito','R',1),(379,'El Sacrificio','R',1),(380,'San Juanito','R',1),(381,'Santa Martha','R',1),(382,'El Toro','R',1),(383,'Dos Arbolitos','R',1),(384,'Fátima','R',1),(385,'El Paraíso','R',1),(386,'Plan de Guadalupe Sección Kilómetro 21','R',1),(387,'San José','R',1),(388,'La Victoria','R',1),(389,'Agricultores del Norte 2da. Sección','R',1),(390,'Veinticuatro de Junio','R',1),(391,'El Arrozal','R',1),(392,'Balancán','R',1),(393,'Oklahoma','R',1),(394,'Santa Marlene','R',1),(395,'El Yomel','R',1),(396,'La Aurora','R',1),(397,'Carlos Enrique Ocampo','R',1),(398,'Las Coronelas','R',1),(399,'El Jobo','R',1),(400,'Vista Alegre','R',1),(401,'La Gloria','R',1),(402,'Pan Duro','R',1),(403,'Francisco I. Madero 2da. Sección','R',1),(404,'Canutillo (Santa Cruz)','R',1),(405,'San Miguel','R',1),(406,'Cuatro Hermanos González Piña','R',1),(407,'Isla de la Doctora','R',1),(408,'Isla Francita','R',1),(409,'San Antonio','R',1),(410,'El Chorro (El Capulín)','R',1),(411,'Altamira','R',1),(412,'Caudillos del Sur','R',1),(413,'Dos de Noviembre','R',1),(414,'La Gloria','R',1),(415,'La Lucha','R',1),(416,'Pucteal','R',1),(417,'Estapilla Tercera Ampliación','R',1),(418,'El Sacrificio','R',1),(419,'San Marcos','R',1),(420,'La Victoria','R',1),(421,'Esperanza','R',1),(422,'Isla del Carmen','R',1),(423,'La Unión','R',1),(424,'Miguel Hidalgo 2da. Sección','R',1),(425,'San Antonio','R',1),(426,'Lázaro Cárdenas','R',1),(427,'La Asunción','R',1),(428,'La Concepción','R',1),(429,'La Cuchilla','R',1),(430,'La Escoba','R',1),(431,'La Herradura','R',1),(432,'El Hormiguero','R',1),(433,'El Laberinto','R',1),(434,'Las Maravillas','R',1),(435,'Alianza Campesina','R',1),(436,'Polevar','R',1),(437,'El Sahuayo','R',1),(438,'San Alberto','R',1),(439,'San Antonio','R',1),(440,'San Carlos','R',1),(441,'San Francisco','R',1),(442,'San José','R',1),(443,'San José Domingo','R',1),(444,'San Miguel','R',1),(445,'San Miguel','R',1),(446,'Santa Cruz del Santuario','R',1),(447,'Santa Rita','R',1),(448,'Tierra y Libertad','R',1),(449,'Tres de Mayo','R',1),(450,'El Triángulo','R',1),(451,'El Tuzo','R',1),(452,'Vista Hermosa','R',1),(453,'La Palma','R',1),(454,'San Joaquín 2da. Sección','R',1),(455,'San José 2da. Sección','R',1),(456,'La Arenita','R',1),(457,'Oklahoma I','R',1),(458,'Isla Sebastopol','R',1),(459,'El Sacrificio','R',1),(460,'El Silencio','R',1),(461,'Pantoja','R',1),(462,'Jerusalém - Belén','R',1),(463,'La Providencia','R',1),(464,'Poza de la Tortuga 1ra. Sección','R',1),(465,'Cárdenas','U',2),(466,'El Alacrán','R',2),(467,'Poblado C-11 José María Morelos y Pavón','U',2),(468,'Poblado C-15 Adolfo López Mateos','U',2),(469,'Poblado C-21 Licenciado Benito Juárez García','R',2),(470,'Arroyo Hondo Abejonal','R',2),(471,'Arroyo Hondo 1ra. Sección (Santa Teresa A)','R',2),(472,'Azucena 1ra. Sección','R',2),(473,'Azucena 2da. Sección','U',2),(474,'Azucena 3ra. Sección (El Triunfo)','R',2),(475,'El Bajío 2da. Sección','R',2),(476,'El Bajío 1ra. Sección','R',2),(477,'El Barí 2da. Sección','R',2),(478,'El Bronce','R',2),(479,'Buenavista 1ra. Sección','R',2),(480,'Calzada 1ra. Sección Norte A','R',2),(481,'Calzada 2da. Sección','R',2),(482,'Coronel Andrés Sánchez Magallanes','U',2),(483,'Campo Nuevo','R',2),(484,'Poblado C-28 Coronel Gregorio Méndez Magaña','U',2),(485,'Poblado C-16 General Emiliano Zapata','U',2),(486,'El Capricho','R',2),(487,'Cárdenas','R',2),(488,'Cárdenas 2da. Sección','R',2),(489,'Benito Juárez (Campo Magallanes)','U',2),(490,'Poblado C-09 Licenciado Francisco I. Madero','U',2),(491,'Cuauhtemoczín','R',2),(492,'Chicozapote 1ra. Sección','R',2),(493,'Poblado C-10 General Lázaro Cárdenas del Río','U',2),(494,'Encrucijada 3ra. Sección (Las Calzadas)','R',2),(495,'Encrucijada 4ta. Sección B (La Lucha)','R',2),(496,'Encrucijada 5ta. Sección','R',2),(497,'Las Flores (La Palma)','R',2),(498,'El Golpe','R',2),(499,'El Mingo','R',2),(500,'Ignacio Gutiérrez Gómez (San Felipe)','R',2),(501,'Habanero 1ra. Sección','R',2),(502,'Habanero 2da. Sección (El Castaño)','R',2),(503,'Habanero 1ra. Sección (Venustiano Carranza)','R',2),(504,'Miguel Hidalgo 1ra. Sección','R',2),(505,'El Jobo (Punta Brava)','R',2),(506,'Melchor Ocampo','U',2),(507,'Miguel Hidalgo 2da. Sección B (La Natividad)','R',2),(508,'Naranjeño 1ra. Sección (Colonia la Fe)','R',2),(509,'Naranjeño 2da. Sección A','R',2),(510,'Naranjeño 3ra. Sección','R',2),(511,'Nueva Esperanza','R',2),(512,'Nueva Zelandia (El Ingenio)','R',2),(513,'Ojoshal','R',2),(514,'Paylebot','R',2),(515,'Poblado C-23 General Venustiano Carranza','U',2),(516,'Paso y Playa','R',2),(517,'Santuario 3ra. Sección (Piedras Negras)','R',2),(518,'El Porvenir','R',2),(519,'Poza Redonda 1ra. Sección','R',2),(520,'Poza Redonda 2da. Sección','R',2),(521,'Chicozapote 2da. Sección (El Retiro)','R',2),(522,'Río Seco 2da. Sección A','R',2),(523,'Río Seco 2da. Sección B','R',2),(524,'Río Seco 2da. Sección C','R',2),(525,'Poblado C-27 Ingeniero Eduardo Chávez Ramírez','U',2),(526,'Francisco Trujillo Gurría','R',2),(527,'Santana 1ra. Sección A','R',2),(528,'Santana 1ra. Sección B','R',2),(529,'Santana 2da. Sección A','R',2),(530,'Santana 2da. Sección B (La Palma)','R',2),(531,'Santana 3ra. Sección A (El Filero)','R',2),(532,'Santana 4ta. Sección','R',2),(533,'Santana 5ta. Sección (El Espino)','R',2),(534,'Santa Rosalía (Miguel Hidalgo 2da. Sección)','U',2),(535,'Santuario 1ra. Sección','R',2),(536,'Santuario 2da. Sección','R',2),(537,'Poblado C-33 20 de Noviembre','U',2),(538,'El Yucateco (Paylebot 2da. Sección)','R',2),(539,'Poblado C-29 General Vicente Guerrero','U',2),(540,'Zapotal 1ra. Sección','R',2),(541,'Zapotal 2da. Sección','R',2),(542,'Islas Encantadas 1ra. Sección (El Zapote)','R',2),(543,'Poblado C-14 General Plutarco Elías Calles','R',2),(544,'Poblado C-20 Miguel Hidalgo y Costilla','U',2),(545,'Ingenio Presidente Benito Juárez','U',2),(546,'Las Coloradas 2da. Sección B','R',2),(547,'El Alacrán (Manatinero)','R',2),(548,'Azucena 5ta. Sección (El Apompal)','R',2),(549,'Azucena 4ta. Sección (Torno Alegre)','R',2),(550,'El Parnaso','R',2),(551,'Zapotal 3ra. Sección','R',2),(552,'Buenavista 2da. Sección','R',2),(553,'Sinaloa 2da. Sección (Arjona)','R',2),(554,'Las Limas','R',2),(555,'Poblado C-22 Licenciado José María Pino Suárez','U',2),(556,'El Barí 1ra. Sección','R',2),(557,'El Carmen','R',2),(558,'El Carrizal','R',2),(559,'Pedro Sánchez Magallanes','R',2),(560,'Encrucijada 4ta. Sección A','R',2),(561,'Poblado C-17 Independencia','U',2),(562,'Ley Federal de la Reforma Agraria (San Ramón)','R',2),(563,'Puerto Escondido','R',2),(564,'Santana 3ra. Sección B','R',2),(565,'Miguel Hidalgo Zapotal 2da. Sección','R',2),(566,'Rubén Jaramillo Lazo','R',2),(567,'El Chocho (Boca del Río)','R',2),(568,'Santana 2da. Sección C','R',2),(569,'La Trinidad','R',2),(570,'El Arrozal','R',2),(571,'Azucena 6ta. Sección','R',2),(572,'Azucena 7ma. Sección (El Lechugal)','R',2),(573,'Arroyo Hondo 2da. Sección Santa Teresa B','R',2),(574,'Celia González de Rovirosa','R',2),(575,'De los Santos','R',2),(576,'Paso y Playa','R',2),(577,'5 de Mayo','R',2),(578,'La Alianza','R',2),(579,'Bajío 1ra. Sección A (Perifércio Sur)','R',2),(580,'La Península','R',2),(581,'San Rafael','R',2),(582,'Coronel Gregorio Méndez Magaña','R',2),(583,'Las Calzadas','R',2),(584,'Ignacio Zaragoza','R',2),(585,'Santuario 4ta. Sección','R',2),(586,'Tío Moncho','R',2),(587,'Las Coloradas 2da. Sección (Ampliación las Aldeas)','R',2),(588,'Miguel Hidalgo','R',2),(589,'La Esperanza','R',2),(590,'Benito Juárez (La Playita)','R',2),(591,'Sección 10 de Azucareros','R',2),(592,'27 de Febrero (Locatarios del Mercado)','R',2),(593,'General Francisco Villa','R',2),(594,'Luis Donaldo Colosio Murrieta','R',2),(595,'Naranjeño 2da. Sección B','R',2),(596,'Sinaloa 1ra. Sección','R',2),(597,'Ampliación Carrizal','R',2),(598,'Ampliación Carrizal (Las Palomas)','R',2),(599,'El Suspiro','R',2),(600,'Cartagena','R',2),(601,'Carlos Alberto Wilson Gómez','R',2),(602,'Poblado C-16 General Emiliano Zapata Uno','R',2),(603,'Poblado C-16 General Emiliano Zapata Dos','R',2),(604,'Cuauhtémoc (W-65)','R',2),(605,'Santa Isidra','R',2),(606,'Miguel Hidalgo 2da. Sección A (El Edén)','R',2),(607,'Los Arévalos','R',2),(608,'Las Coloradas 1ra. Sección','R',2),(609,'Las Esperanzas','R',2),(610,'León Pacheco','R',2),(611,'Madrigal Pérez (Las Cuatro R)','R',2),(612,'Mario Morales (De los Morales)','R',2),(613,'El Pérsico','R',2),(614,'Poza Redonda 3ra. Sección','R',2),(615,'Rodríguez Polanco (Kilómetro Cinco)','R',2),(616,'Rosique Palavicini','R',2),(617,'Santuario 5ta. Sección Buena Vista','R',2),(618,'Azucenita 1ra. Sección B','R',2),(619,'Poblado C-28 Coronel Gregorio Méndez Magaña Uno','R',2),(620,'Encrucijada 1ra. Sección Rincón Brujo','R',2),(621,'Poblado C-10 General Lázaro Cárdenas del Río Uno','R',2),(622,'Juan Escutia','R',2),(623,'Julián Montejo Velázquez','R',2),(624,'Poblado C-15 Adolfo López Mateos Uno','R',2),(625,'Poblado C-22 Licenciado José María Pino Suárez Uno','R',2),(626,'Las Nuevas Esperanzas','R',2),(627,'Poza Redonda 4ta. Sección (Rincón Brujo)','R',2),(628,'Arroyo Hondo (San Rosendo)','R',2),(629,'Calzada 1ra. Sección Sur','R',2),(630,'El Golpe 2da. Sección (Los Patos)','R',2),(631,'Encrucijada 2da. Sección (Los García)','R',2),(632,'Sinaloa 3ra. Sección','R',2),(633,'Cuauhtemoczín 2da. Sección','R',2),(634,'Río Seco 2da. Sección (Norte 10)','R',2),(635,'Río Seco 1ra. Sección','R',2),(636,'Las Coloradas la Victoria','R',2),(637,'El Alacrán (Sector Colonia)','R',2),(638,'Congregación Reyes Heroles','R',2),(639,'San Pedro','R',2),(640,'Frontera','U',3),(641,'Álvaro Obregón (Santa Cruz)','R',3),(642,'Benito Juárez','R',3),(643,'Benito Juárez','R',3),(644,'Boca de Chilapa','R',3),(645,'Buena Vista','R',3),(646,'Carlos A. Madrazo','R',3),(647,'Carlos Rovirosa 1ra. Sección','R',3),(648,'Carlos Rovirosa 2da. Sección','R',3),(649,'Loma el Nanzal','R',3),(650,'La Constancia','R',3),(651,'Cuauhtémoc','U',3),(652,'Chicozapote 1ra. Sección','R',3),(653,'Chichicastle 1ra. Sección','R',3),(654,'Chichicastle 2da. Sección','R',3),(655,'Chichicastle 3ra. Sección','R',3),(656,'Chilapa 2da. Sección','R',3),(657,'Chilapa 1ra. Sección (Margen Izquierda)','R',3),(658,'Emiliano Zapata','R',3),(659,'Escobas (Chilapa Escoba)','R',3),(660,'Nueva Esperanza (San Pedrito)','R',3),(661,'La Estrella','R',3),(662,'Felipe Carrillo Puerto Norte (Carrillito)','R',3),(663,'Felipe Carrillo Puerto (Centro)','R',3),(664,'Felipe Carrillo Puerto Sur (Carrillón)','R',3),(665,'Francisco I. Madero','R',3),(666,'Gobernador Cruz','R',3),(667,'Los Ídolos (Margen Derecha)','R',3),(668,'Ignacio Allende','U',3),(669,'Ignacio Zaragoza','R',3),(670,'Jalapita','R',3),(671,'San José (La Ilusión)','R',3),(672,'Libertad de Allende','R',3),(673,'Miguel Hidalgo','R',3),(674,'Miramar','R',3),(675,'Mixteca 1ra. Sección','R',3),(676,'José María Morelos y Pavón','R',3),(677,'Nuevo Centla','R',3),(678,'Potrerillo','R',3),(679,'Quintín Aráuz','R',3),(680,'Ribera Alta 1ra. Sección','R',3),(681,'Ribera Alta 2da. Sección (Salsipuedes)','R',3),(682,'San José de Simón Sarlat','R',3),(683,'Barra de San Pedro','R',3),(684,'San Roque','R',3),(685,'Simón Sarlat','U',3),(686,'Tabasquillo 1ra. Sección','R',3),(687,'Tabasquillo 2da. Sección','R',3),(688,'Tres Brazos','R',3),(689,'La Unión','R',3),(690,'Vicente Guerrero','U',3),(691,'La Victoria','R',3),(692,'Arroyo Polo 3ra. Sección','R',3),(693,'Boca Grande 1ra. Sección','R',3),(694,'El Bellote','R',3),(695,'Cañaveral','R',3),(696,'El Guajuco','R',3),(697,'El Guatope','R',3),(698,'La Montaña','R',3),(699,'El Limón (De Vicente Guerrero)','R',3),(700,'El Milagro','R',3),(701,'El Porvenir','R',3),(702,'El Triunfo','R',3),(703,'La Pimienta','R',3),(704,'La Sábana','R',3),(705,'Pico de Oro','R',3),(706,'San Román','R',3),(707,'Las Porfías','R',3),(708,'San Juan','R',3),(709,'Francisco Villa','R',3),(710,'Miguel Hidalgo 2da. Sección','R',3),(711,'Nueva Esperanza de Quintín Aráuz','R',3),(712,'Gregorio Méndez Magaña','R',3),(713,'Los Ángeles','R',3),(714,'La Bellota','R',3),(715,'El Palmar (Buenavista)','R',3),(716,'Buenos Aires','R',3),(717,'El Coco','R',3),(718,'La Concepción','R',3),(719,'Chicozapote 2da. Sección','R',3),(720,'Las Delicias','R',3),(721,'El Encanto','R',3),(722,'La Encina y el Porvenir','R',3),(723,'El Escoro','R',3),(724,'El Faisán','R',3),(725,'Los Pericos','R',3),(726,'Fronterita','R',3),(727,'El Gabanudo','R',3),(728,'Augusto Gómez Villanueva','R',3),(729,'La Herradura','R',3),(730,'Isla del Buey','R',3),(731,'La Joya','R',3),(732,'Lerma','R',3),(733,'Llanuras de Centla','R',3),(734,'Las Mercedes','R',3),(735,'Las Mercedes','R',3),(736,'Mixteca 2da. Sección','R',3),(737,'Mixteca 3ra. Sección','R',3),(738,'Santander (Mal Paso)','R',3),(739,'La Montaña','R',3),(740,'Las Palmeras','R',3),(741,'Palo Alto (Palo Quemado)','R',3),(742,'Paquillal','R',3),(743,'Boca Grande 2da. Sección (Paquillalito)','R',3),(744,'La Esperanza','R',3),(745,'El Porvenir','R',3),(746,'La Punta del Buey','R',3),(747,'Cuatro Hermanos','R',3),(748,'San Carlos','R',3),(749,'El Refugio','R',3),(750,'El Retiro','R',3),(751,'Ribera Alta 3ra. Sección','R',3),(752,'San Agustín','R',3),(753,'San Agustín','R',3),(754,'San Juanito de Tres Brazos','R',3),(755,'La Suiza Uno (San Martín)','R',3),(756,'San Miguel','R',3),(757,'San Ramón','R',3),(758,'Santa Ana','R',3),(759,'Santa Andrea','R',3),(760,'Santa Rita','R',3),(761,'Santa Rita','R',3),(762,'Nuevo San Luis','R',3),(763,'La Suiza','R',3),(764,'Tasajera','R',3),(765,'José María Morelos y Pavón (Tintalillo)','R',3),(766,'El Tulipán','R',3),(767,'Santa María de la Victoria','R',3),(768,'El Yucatecal','R',3),(769,'Francisco I. Madero','R',3),(770,'La Holanda (San Pedrito)','R',3),(771,'El Limón de Simón Sarlat','R',3),(772,'El Palmar (Rabelo)','R',3),(773,'El Bosque','R',3),(774,'San Carlos','R',3),(775,'El Porvenir','R',3),(776,'El Faro','R',3),(777,'San Francisco','R',3),(778,'El Conti','R',3),(779,'El Recreo (El Tumbo)','R',3),(780,'El Recreo','R',3),(781,'San José','R',3),(782,'Los Ángeles','R',3),(783,'La Tigrera','R',3),(784,'Miraflores (La Bellota)','R',3),(785,'Arroyo Polo 2da. Sección','R',3),(786,'Arroyo Polo 1ra. Sección','R',3),(787,'Luis Echeverría Álvarez','R',3),(788,'El Palmar','R',3),(789,'El Gran Chaparral','R',3),(790,'Tembladeras','R',3),(791,'Punta el Manglar','R',3),(792,'Los Guácimos','R',3),(793,'La Guadalupe','R',3),(794,'Chilapa 1ra. Sección (Margen Derecha)','R',3),(795,'Rómulo Cachón Ponce (Hormiguero)','R',3),(796,'Lázaro Cárdenas (El Guao)','R',3),(797,'El Porvenir (De Quintín Arauz)','R',3),(798,'Santa Leonor','R',3),(799,'El Pitayo','R',3),(800,'Las Tijeras','R',3),(801,'Ribera Alta Salsipuedes (Salsipuedes)','R',3),(802,'Boca de Pantoja','R',3),(803,'El Porvenir','R',3),(804,'Ribera Alta de Cuauhtémoc','R',3),(805,'Adolfo López Mateos','R',3),(806,'Lázaro Cárdenas','R',3),(807,'Mocambo (Cantarrana)','R',3),(808,'El Gorgojo (Santa Rosa)','R',3),(809,'Libertad de Allende','R',3),(810,'El Naranjal','R',3),(811,'Veintisiete de Febrero','R',3),(812,'Leandro Rovirosa Wade 2da. Sección','R',3),(813,'El Carmen 1ra. Sección','R',3),(814,'Constancia y Venecia','R',3),(815,'García','R',3),(816,'Niños Héroes','R',3),(817,'San Antonio','R',3),(818,'Miguel Hidalgo 1ra. Sección','R',3),(819,'Kilómetro 18','R',3),(820,'Francisco I. Madero','R',3),(821,'San Miguel','R',3),(822,'El Rin','R',3),(823,'Fraccionamiento Miramar','R',3),(824,'Cañaveral Corcovado','R',3),(825,'La Esperanza','R',3),(826,'El Danzi','R',3),(827,'Gran Chaparral y Faisán','R',3),(828,'El Pajaral (Los Pescadores)','R',3),(829,'San Lorenzo','R',3),(830,'San José del Carmen','R',3),(831,'Francisco Villa (Guano Solo)','R',3),(832,'Benito Juárez Lechugal','R',3),(833,'Carlos Rovirosa 2da. Sección (La Costeñita)','R',3),(834,'El Privilegio (Buenavista)','R',3),(835,'El Reflejo','R',3),(836,'Revolución','R',3),(837,'San Isidro','R',3),(838,'El Carmen (El Uno)','R',3),(839,'San José','R',3),(840,'Leandro Rovirosa Wade 1ra. Sección','R',3),(841,'El Socorro','R',3),(842,'Altamira','R',3),(843,'Francisco I. Madero (La Montaña)','R',3),(844,'Mesa Dorada','R',3),(845,'San Nicolás','R',3),(846,'Ribera Alta 2da. Sección','R',3),(847,'Josefa Ortíz de Domínguez','R',3),(848,'Frontera','R',3),(849,'San Jorge (Pravia)','R',3),(850,'Hablan los Hechos (Santa Rosa)','R',3),(851,'Alta Vista','R',3),(852,'Chilapa 2da. Sección (Cañaveralito)','R',3),(853,'Buenos Aires','R',3),(854,'El Carmen 2da. Sección','R',3),(855,'Lázaro Cárdenas','R',3),(856,'Macayo','R',3),(857,'El Palmar','R',3),(858,'Las Palmas','R',3),(859,'Paso de Tabasquillo','R',3),(860,'El Porvenir','R',3),(861,'Rómulo Cachón','R',3),(862,'El Rosario','R',3),(863,'San Antonio','R',3),(864,'Santa Teresa','R',3),(865,'María del Rosario Gutiérrez Eskildsen','R',3),(866,'Caparroso','R',3),(867,'Álvaro Obregón 2da. Sección (El Lechugal)','R',3),(868,'El Vergel de Allende','R',3),(869,'Luis Donaldo Colosio Murrieta','R',3),(870,'San José de Simón Sarlat (El Coco)','R',3),(871,'Los Ídolos Margen Izquierda','R',3),(872,'Villahermosa','U',4),(873,'Acachapan y Colmena 1ra. Sección','R',4),(874,'Acachapan y Colmena 2da. Sección (La Arena)','R',4),(875,'Acachapan y Colmena 3ra. Sección','R',4),(876,'Acachapan y Colmena 4ta. Sección','R',4),(877,'Acachapan y Colmena 5ta. Sección','R',4),(878,'Alvarado Santa Irene 1ra. Sección','R',4),(879,'Alvarado Guardacosta','R',4),(880,'Alvarado Jimbal','R',4),(881,'Anacleto Canabal 1ra. Sección','R',4),(882,'Anacleto Canabal 2da. Sección','U',4),(883,'Anacleto Canabal 3ra. Sección','R',4),(884,'Anacleto Canabal 4ta. Sección','R',4),(885,'Miraflores 1ra. Sección (Arroyo Grande)','R',4),(886,'Aztlán 1ra. Sección','R',4),(887,'Aztlán 2da. Sección (El Corcho)','R',4),(888,'Barrancas y Amate 3ra. Sección','R',4),(889,'Barrancas y Amate 2da. Sección','R',4),(890,'Barrancas y Guanal Tintillo','R',4),(891,'Barrancas y Guanal González','R',4),(892,'Aztlán 3ra. Sección (Corcho y Chilapilla)','R',4),(893,'Boquerón 1ra. Sección (San Pedro)','R',4),(894,'Boquerón 3ra. Sección (El Guanal)','R',4),(895,'Boquerón 4ta. Sección (Laguna Nueva)','R',4),(896,'Boquerón 5ta. Sección (La Lagartera)','R',4),(897,'Buena Vista 1ra. Sección','U',4),(898,'Buena Vista 2da. Sección','U',4),(899,'Buena Vista 3ra. Sección (Boca de Escoba)','R',4),(900,'Buena Vista Río Nuevo 1ra. Sección','U',4),(901,'Buena Vista Río Nuevo 2da. Sección','R',4),(902,'Buena Vista Río Nuevo 3ra. Sección','R',4),(903,'Santa Catalina (San Marcos)','R',4),(904,'El Censo','R',4),(905,'Colonia Agraria (La Isla)','R',4),(906,'El Corozal','R',4),(907,'Corregidora Ortiz 1ra. Sección','R',4),(908,'Corregidora Ortiz 2da. Sección','R',4),(909,'Corregidora Ortiz 3ra. Sección (San Pedrito)','R',4),(910,'Corregidora Ortiz 4ta. Sección','R',4),(911,'Corregidora Ortiz 5ta. Sección','R',4),(912,'Chacté','R',4),(913,'Aztlán 4ta. Sección (Corcho y Chilapilla)','R',4),(914,'Chiquiguao 1ra. Sección','R',4),(915,'Chiquiguao 2da. Sección (Chiquiguaíto)','R',4),(916,'Dos Montes','R',4),(917,'Emiliano Zapata','R',4),(918,'El Espino','R',4),(919,'Estancia','R',4),(920,'Estancia Vieja 1ra. Sección','R',4),(921,'Estancia Vieja 2da. Sección','R',4),(922,'Estanzuela 1ra. Sección','R',4),(923,'Estanzuela 2da. Sección','R',4),(924,'Gaviotas Sur (El Chiflón)','R',4),(925,'González 1ra. Sección','R',4),(926,'González 2da. Sección','R',4),(927,'González 3ra. Sección','R',4),(928,'González 4ta. Sección','R',4),(929,'Guineo 1ra. Sección','R',4),(930,'Guineo 2da. Sección','R',4),(931,'La Huasteca 1ra. Sección','R',4),(932,'La Huasteca 2da. Sección (Alvarado la Raya)','R',4),(933,'Hueso de Puerco','R',4),(934,'La Isla','R',4),(935,'Coronel Traconis 1ra. Sección (La Isla)','R',4),(936,'Ixtacomitán 1ra. Sección','R',4),(937,'Ixtacomitán 2da. Sección','R',4),(938,'Ixtacomitán 3ra. Sección','R',4),(939,'Ixtacomitán 4ta. Sección','R',4),(940,'Ixtacomitán 5ta. Sección','R',4),(941,'Ismate y Chilapilla 1ra. Sección','R',4),(942,'La Vuelta (La Jagua)','R',4),(943,'Aztlán 3ra. Sección (Jahuacte)','R',4),(944,'Jolochero 2da. Sección','R',4),(945,'Lagartera 1ra. Sección','R',4),(946,'Lázaro Cárdenas 1ra. Sección','R',4),(947,'Lázaro Cárdenas 2da. Sección','R',4),(948,'Luis Gil Pérez','U',4),(949,'Aztlán 1ra. Sección (Sector Majahual)','R',4),(950,'Las Matillas 4ta. Sección','R',4),(951,'Medellín y Madero 2da. Sección','R',4),(952,'Francisco I. Madero 1ra. Sección','R',4),(953,'Medellín y Madero 3ra. Sección','R',4),(954,'Medellín y Pigua 1ra. Sección','R',4),(955,'Medellín y Pigua 2da. Sección','R',4),(956,'Medellín y Pigua 3ra. Sección','U',4),(957,'Miguel Hidalgo 2da. Sección (La Guaira)','R',4),(958,'Miraflores 1ra. Sección','R',4),(959,'Miraflores 3ra. Sección','R',4),(960,'Miramar','R',4),(961,'Pablo L. Sidar (La Aurora)','R',4),(962,'Pajonal','R',4),(963,'Parrilla','U',4),(964,'Guapinol','U',4),(965,'Paso Real de la Victoria','R',4),(966,'Plátano y Cacao 4ta. Sección','R',4),(967,'Plátano y Cacao 1ra. Sección','R',4),(968,'Plátano y Cacao 2da. Sección (La Isla)','R',4),(969,'Plátano y Cacao 3ra. Sección','R',4),(970,'Pueblo Nuevo de las Raíces','R',4),(971,'Río Tinto 1ra. Sección','R',4),(972,'Río Tinto 2da. Sección','R',4),(973,'Río Tinto 3ra. Sección','R',4),(974,'Río Viejo 1ra. Sección','U',4),(975,'Río Viejo 2da. Sección','R',4),(976,'Río Viejo 3ra. Sección','R',4),(977,'Sabanas Nuevas','R',4),(978,'Medellín y Pigua 3ra. Sección (San Antonio)','R',4),(979,'Coronel Traconis 5ta. Sección','R',4),(980,'Playas del Rosario (Subteniente García)','U',4),(981,'Tierra Amarilla 1ra. Sección','R',4),(982,'Tierra Amarilla 2da. Sección','R',4),(983,'Tocoal','U',4),(984,'Torno Largo 1ra. Sección','R',4),(985,'Torno Largo 2da. Sección','R',4),(986,'Torno Largo 3ra. Sección (Sabanilla)','R',4),(987,'Tumbulushal','R',4),(988,'La Victoria','R',4),(989,'Macultepec','U',4),(990,'La Cruz del Bajío','R',4),(991,'El Zapotal','R',4),(992,'Coronel Traconis 2da. Sección (El Zapote)','R',4),(993,'Plutarco Elías Calles (Cura Hueso)','R',4),(994,'Tamulté de las Sabanas','U',4),(995,'La Manga 2da. Sección (El Jobal)','R',4),(996,'Gaviotas Sur (El Cedral)','R',4),(997,'Buena Vista Río Nuevo 4ta. Sección','R',4),(998,'La Manga','R',4),(999,'La Loma','R',4),(1000,'La Ceiba','R',4),(1001,'El Zapotal (La Llave)','R',4),(1002,'El Bajío','R',4),(1003,'La Lima','U',4),(1004,'La Palma','R',4),(1005,'Coronel Traconis (Guerrero 3ra. Sección)','R',4),(1006,'Ocuiltzapotlán','U',4),(1007,'Ismate y Chilapilla 1ra. Sección (San Antonio)','R',4),(1008,'Coronel Traconis (San Francisco 4ta. Sección)','R',4),(1009,'Acachapan y Colmena 2da. Sección (El Maluco)','R',4),(1010,'Alvarado (Colima)','R',4),(1011,'Boca de Aztlán 2da. Sección','R',4),(1012,'Boca de Guanal','R',4),(1013,'Boquerón 2da. Sección (El Barquillo)','R',4),(1014,'Cocoyol (Socialista)','R',4),(1015,'El Chilar','R',4),(1016,'Pablo L. Sidar (Guineo)','R',4),(1017,'Ismate y Chilapilla 2da. Sección','R',4),(1018,'Medellín y Madero 4ta. Sección','R',4),(1019,'Pablo L. Sidar (Miramar)','R',4),(1020,'La Palma','R',4),(1021,'Parrilla 4ta. Sección (Los Acosta)','R',4),(1022,'Parrilla 5ta. Sección (El Carmen)','R',4),(1023,'Plutarco Elías Calles','R',4),(1024,'Ribera de las Raíces','R',4),(1025,'San Marcos','R',4),(1026,'La Vuelta 1ra. Sección (La Gloria)','R',4),(1027,'Barrancas y Guanal López Portillo','R',4),(1028,'Fraccionamiento Ocuiltzapotlán Dos','U',4),(1029,'El Alambrado','R',4),(1030,'Rovirosa','R',4),(1031,'Boca Grande el Espino','R',4),(1032,'El Novillo','R',4),(1033,'Aztlán 5ta. Sección (Palomillal)','R',4),(1034,'Aztlán 2da. Sección el Cuy','R',4),(1035,'Constitución','U',4),(1036,'La Providencia (La Majahua)','R',4),(1037,'Torno Largo Estancia (El Manguito)','R',4),(1038,'Miraflores 2da. Sección','R',4),(1039,'Buena Vista 2da. Sección (El Tular)','R',4),(1040,'Plutarco Elías Calles (La Majahua)','R',4),(1041,'Parrilla II','U',4),(1042,'Anacleto Canabal 3ra. Sección (Constitución)','R',4),(1043,'Lázaro Cárdenas 2da. Sección (21 de Marzo)','R',4),(1044,'Aztlán 1ra. Sección (La Piedad)','R',4),(1045,'Coronel Traconis 5ta. Sección (San Isidro)','R',4),(1046,'Medellín y Pigua 4ta. Sección (El Aguacate)','R',4),(1047,'Lagartera 2da. Sección','R',4),(1048,'Villa Unión','R',4),(1049,'Las Matillas 4ta. Sección (San Antonio)','R',4),(1050,'Jornaleros y Aparceros (Pajaritos)','R',4),(1051,'Acachapan y Colmena 2da. Sección (La Lima)','R',4),(1052,'Dieciséis de Septiembre','R',4),(1053,'González 1ra. Sección (Punta Brava)','R',4),(1054,'Ismate y Chilapilla 2da. Sección Jahuactillo','R',4),(1055,'La Arena','R',4),(1056,'Pablo L. Sidar','R',4),(1057,'El Manzano','R',4),(1058,'Santa Lucía','R',4),(1059,'Alvarado Santa Irene 2da. Sección (El Taizal)','R',4),(1060,'La Francia','R',4),(1061,'La Juliana (El Chilar)','R',4),(1062,'El Recreo','R',4),(1063,'San Miguel','R',4),(1064,'Aniceto','R',4),(1065,'Parrilla 3ra. Sección (La Providencia)','R',4),(1066,'Aztlán 5ta. Sección (Don Lorenzo)','R',4),(1067,'Buena Vista 2da. Sección (Colonia José María)','R',4),(1068,'Buena Vista 2da. Sección (Colonia Nueva)','R',4),(1069,'Coronel Traconis (San Diego 5ta. Sección)','R',4),(1070,'La Cruz del Bajío (La Soledad)','R',4),(1071,'Flores del Trópico','R',4),(1072,'Jolochero (Boca de Culebra)','R',4),(1073,'José Asmitia 3ra. Ampliación','R',4),(1074,'Luis Gil Pérez (La Villa)','R',4),(1075,'Miraflores 2da. Sección (Zapotillo)','R',4),(1076,'La Paila','R',4),(1077,'Los Patos','R',4),(1078,'Los Sauces','R',4),(1079,'Tierra Amarilla 3ra. Sección','R',4),(1080,'Aztlán 4ta. Sección (El Bajío)','R',4),(1081,'El Rosario y el Quemado','R',4),(1082,'García','R',4),(1083,'Bicentenario','U',4),(1084,'Villa el Cielo','U',4),(1085,'Comalcalco','U',5),(1086,'Aldama','U',5),(1087,'Aldama 2da. Sección (Fernando Segovia)','R',5),(1088,'Arena 1ra. Sección','R',5),(1089,'Arena 2da. Sección','R',5),(1090,'Arena 3ra. Sección','R',5),(1091,'Arena 4ta. Sección','R',5),(1092,'Arroyo Hondo 1ra. Sección (Guácimo)','R',5),(1093,'Arroyo Hondo 3ra. Sección','R',5),(1094,'Arroyo Hondo 4ta. Sección','R',5),(1095,'Belisario Domínguez','R',5),(1096,'Carlos Greene','U',5),(1097,'Carlos Greene 2da. Sección','R',5),(1098,'Centro Tular 1ra. Sección','R',5),(1099,'Centro Tular 2da. Sección','R',5),(1100,'Cocohital','U',5),(1101,'Cupilco','R',5),(1102,'Cuxcuxapa','R',5),(1103,'Chicozapote','R',5),(1104,'Chichicapa','U',5),(1105,'Emiliano Zapata 1ra. Sección','R',5),(1106,'Francisco I. Madero 1ra. Sección','R',5),(1107,'Francisco I. Madero 2da. Sección','R',5),(1108,'Gregorio Méndez 1ra. Sección','R',5),(1109,'Gregorio Méndez 2da. Sección','R',5),(1110,'Gregorio Méndez 3ra. Sección','R',5),(1111,'Guayo 1ra. Sección','R',5),(1112,'Hermenegildo Galeana','R',5),(1113,'Ignacio Gutiérrez Gómez','R',5),(1114,'Ignacio Zaragoza 1ra. Sección','R',5),(1115,'Ignacio Zaragoza 2da. Sección','R',5),(1116,'Independencia 1ra. Sección','R',5),(1117,'Independencia 2da. Sección','R',5),(1118,'Jesús Carranza','R',5),(1119,'José María Pino Suárez 1ra. Sección','R',5),(1120,'José María Pino Suárez 2da. Sección','R',5),(1121,'José María Pino Suárez 3ra. Sección (Corinto)','R',5),(1122,'Lagartera','R',5),(1123,'Lázaro Cárdenas 1ra. Sección','R',5),(1124,'León Zárate 1ra. Sección','R',5),(1125,'Miguel Hidalgo','U',5),(1126,'Norte 1ra. Sección (San Julián)','R',5),(1127,'Norte 2da. Sección','R',5),(1128,'Occidente 1ra. Sección','R',5),(1129,'Occidente 2da. Sección','R',5),(1130,'Oriente 1ra. Sección','R',5),(1131,'Oriente 2da. Sección (San Cayetano)','R',5),(1132,'Oriente 3ra. Sección','R',5),(1133,'Oriente 4ta. Sección (Tripa Ciega)','R',5),(1134,'Oriente 5ta. Sección (La Candelaria)','R',5),(1135,'Paso de Cupilco','R',5),(1136,'Patastal 1ra. Sección','R',5),(1137,'Progreso Tular 1ra. Sección','R',5),(1138,'Progreso Tular 2da. Sección','R',5),(1139,'Lázaro Cárdenas 3ra. Sección','R',5),(1140,'Reyes Hernández 1ra. Sección','R',5),(1141,'Reyes Hernández 2da. Sección','U',5),(1142,'Sargento López 1ra. Sección','R',5),(1143,'Sargento López 2da. Sección (El Chuzo)','R',5),(1144,'Sur 5ta. Sección','R',5),(1145,'Sur 1ra. Sección','R',5),(1146,'Sur 2da. Sección (La Trinidad)','R',5),(1147,'Sur 3ra. Sección (El Zapote)','R',5),(1148,'Sur 4ta. Sección','R',5),(1149,'Tecolutilla','U',5),(1150,'Tránsito Tular','R',5),(1151,'Zapotal 1ra. Sección','R',5),(1152,'Zapotal 2da. Sección','R',5),(1153,'Aldama 3ra. Sección (Huapacalito)','R',5),(1154,'Aldama 4ta. Sección (El Naranjito)','R',5),(1155,'Arena 5ta. Sección','R',5),(1156,'Arroyo Hondo 2da. Sección','R',5),(1157,'Carlos Greene 3ra. Sección','R',5),(1158,'Sur Aldama','R',5),(1159,'Emiliano Zapata 2da. Sección','R',5),(1160,'Francisco Trujillo Gurría','R',5),(1161,'Guayo 2da. Sección','R',5),(1162,'Guayo 3ra. Sección','R',5),(1163,'Ignacio Zaragoza 3ra. Sección','R',5),(1164,'Ignacio Zaragoza 4ta. Sección (San Andrés)','R',5),(1165,'Lázaro Cárdenas 2da. Sección (El Retiro)','R',5),(1166,'Occidente 3ra. Sección','R',5),(1167,'Patastal 2da. Sección','R',5),(1168,'Patastal 3ra. Sección','R',5),(1169,'Sargento López 3ra. Sección (San Jorge)','R',5),(1170,'Sargento López 4ta. Sección','R',5),(1171,'Oriente 6ta. Sección (Los Mulatos)','R',5),(1172,'Uspí','R',5),(1173,'Novillero 4ta. Sección','R',5),(1174,'Champa de Cupilco','R',5),(1175,'San Fernando (Pueblo Nuevo)','R',5),(1176,'Independencia 3ra. Sección','R',5),(1177,'Santa Lucía Chichicapa (Fraccionamiento la Quinta)','R',5),(1178,'Oriente 1ra. Sección (Santo Domingo)','R',5),(1179,'Arena 6ta. Sección (La Bolsa)','R',5),(1180,'Carlos Greene 4ta. Sección','R',5),(1181,'Guatemalán','R',5),(1182,'Zapotal 3ra. Sección','R',5),(1183,'Occidente 4ta. Sección','R',5),(1184,'Norte 1ra. Sección (Buena Vista)','R',5),(1185,'Betania','R',5),(1186,'Tecolutilla (Riberita)','R',5),(1187,'Tupilquillo','R',5),(1188,'Potrerillo','R',5),(1189,'Carlos Pellicer Cámara','R',5),(1190,'Río Playa (Los Pochitoques)','R',5),(1191,'Tío Moncho (Urania Franyutti de Vázquez)','R',5),(1192,'Gregorio Méndez 4ta. Sección (El Santiago)','R',5),(1193,'León Zárate 2da. Sección','R',5),(1194,'El Ángel','R',5),(1195,'Oriente','R',5),(1196,'Carlos Greene 1ra. Sección Dos (Colonia Jiménez)','R',5),(1197,'Carlos Greene 1ra. Sección Tres (Colonia el Limón)','R',5),(1198,'Cocohital Dos','R',5),(1199,'Occidente Villa Aldama','R',5),(1200,'Gobernadores','R',5),(1201,'Cunduacán','U',6),(1202,'Amado Gómez','R',6),(1203,'Anta','R',6),(1204,'Anta y Cúlico (Santa Rita)','R',6),(1205,'Buenaventura','R',6),(1206,'Buenos Aires','R',6),(1207,'Carlos Rovirosa (Tulipán)','U',6),(1208,'Casa Blanca 1ra. Sección','R',6),(1209,'Casa Blanca 2da. Sección','R',6),(1210,'Ceiba 1ra. Sección (Jahuactal)','R',6),(1211,'Los Cerros','R',6),(1212,'Cúlico 1ra. Sección','R',6),(1213,'Cúlico 2da. Sección','R',6),(1214,'Cucuyulapa','U',6),(1215,'Cumuapa 1ra. Sección','R',6),(1216,'Cumuapa 2da. Sección','R',6),(1217,'Cumuapa 3ra. Sección','R',6),(1218,'La Chonita','R',6),(1219,'Dos Ceibas','R',6),(1220,'Felipe Carrillo Puerto','R',6),(1221,'Gregorio Méndez','R',6),(1222,'Huacapa y Amestoy','R',6),(1223,'Huapacal 1ra. Sección','R',6),(1224,'Huimango 1ra. Sección','R',6),(1225,'Huimango','U',6),(1226,'Huimango 3ra. Sección (Los Cerros)','R',6),(1227,'José María Pino Suárez','R',6),(1228,'Laguna de Cucuyulapa','R',6),(1229,'Libertad','U',6),(1230,'La Lucha','R',6),(1231,'Mantilla','R',6),(1232,'Marín','R',6),(1233,'Marín (Rampa de Panuncio)','R',6),(1234,'Miahuatlán 1ra. Sección','R',6),(1235,'Miahuatlán 2da. Sección','R',6),(1236,'Libertad 3ra. Sección (Monte Grande)','R',6),(1237,'Monterrey','R',6),(1238,'Morelos Piedra 3ra. Sección','R',6),(1239,'Once de Febrero 1ra. Sección','U',6),(1240,'Once de Febrero 2da. Sección','R',6),(1241,'Pechucalco','R',6),(1242,'La Piedra 1ra. Sección','R',6),(1243,'La Piedra 2da. Sección','R',6),(1244,'La Piedra 3ra. Sección','R',6),(1245,'La Piedra 4ta. Sección','R',6),(1246,'Plátano 1ra. Sección','R',6),(1247,'Plátano 2da. Sección','R',6),(1248,'Rancho Nuevo','R',6),(1249,'Reforma','R',6),(1250,'Río Seco 2da. Sección (Santiaguito)','R',6),(1251,'San Eligio','R',6),(1252,'Emiliano Zapata (San Mateo)','R',6),(1253,'San Rafael','R',6),(1254,'Santo Tomás','R',6),(1255,'Tierra y Libertad','R',6),(1256,'El Tular','R',6),(1257,'Yoloxóchitl 2da. Sección (San Severo)','R',6),(1258,'Yoloxóchitl 1ra. Sección','R',6),(1259,'Yoloxóchitl 2da. Sección','R',6),(1260,'Yoloxóchitl 3ra. Sección','R',6),(1261,'Cucuyulapa 2da. Sección (Puente Samaria)','R',6),(1262,'Huapacal 2da. Sección','R',6),(1263,'El Carmen (Cumuapa)','R',6),(1264,'José María Morelos y Pavón (Morelitos)','R',6),(1265,'Los Cedros','R',6),(1266,'Miahuatlán 3ra. Sección','R',6),(1267,'Pechucalco 2da. Sección (Las Cruces)','R',6),(1268,'Cunduacán (San Pedro)','R',6),(1269,'Amado Gómez 2da. Sección','R',6),(1270,'Río Seco 3ra. Sección (La Playita)','R',6),(1271,'Cunduacán (El Moté)','R',6),(1272,'Libertad 2da. Sección','R',6),(1273,'Libertad 5ta. Sección','R',6),(1274,'Santa Isabel','R',6),(1275,'Felipe Galván','R',6),(1276,'San Pedro Cumuapa','R',6),(1277,'General Francisco J. Mújica','R',6),(1278,'Libertad 4ta. Sección (Vicente Guerrero)','R',6),(1279,'El Palmar','R',6),(1280,'Alianza Periférico','R',6),(1281,'La Esmeralda','R',6),(1282,'Alianza para la Producción','R',6),(1283,'Enrique González Pedrero','R',6),(1284,'El Tunal','R',6),(1285,'Libertad 6ta. Sección (Los Martínez)','R',6),(1286,'El Progreso','R',6),(1287,'Ignacio Zaragoza','R',6),(1288,'Colima','R',6),(1289,'La Isla','R',6),(1290,'Miahuatlán (San Gregorio)','R',6),(1291,'Nicolás Bravo','R',6),(1292,'Miahuatlán (San Nicolás)','R',6),(1293,'Mario Barrueta García','R',6),(1294,'Huimango 2da. Sección (La Mona)','R',6),(1295,'Huimango 1ra. Sección (La Esperanza)','R',6),(1296,'Mantilla','R',6),(1297,'Miahuatlán (San Isidro)','R',6),(1298,'Santa Lucía','R',6),(1299,'Adolfo Ruiz Cortines (Morelitos)','R',6),(1300,'Domingo Amado Brito Salgado','R',6),(1301,'Miahuatlán (San Antonio)','R',6),(1302,'Benito Juárez','R',6),(1303,'Emiliano Zapata','R',6),(1304,'Oscar Gómez Sáuz','R',6),(1305,'Huimango 2da. Sección','R',6),(1306,'Nueva Esperanza','R',6),(1307,'Río Seco 1ra. Sección','R',6),(1308,'San Benito la Bolsa (Tierra y Libertad)','R',6),(1309,'Los Aguilares','R',6),(1310,'Dieciséis de Septiembre','R',6),(1311,'Felipe Carrillo Puerto (Ampliación San Felipito)','R',6),(1312,'Huimango 1ra. Sección (El Dren)','R',6),(1313,'La Piedra 2da. Sección (La Candelaria)','R',6),(1314,'Yoloxóchitl (Escobillal)','R',6),(1315,'Once de Febrero (Campo Bellota)','R',6),(1316,'La Playita','U',6),(1317,'Emiliano Zapata','U',7),(1318,'Aguacate','R',7),(1319,'Buena Vista','R',7),(1320,'Cacao','R',7),(1321,'El Carmen','R',7),(1322,'El Paraíso','R',7),(1323,'Concepción','R',7),(1324,'Gregorio Méndez Magaña (Pénjamo)','R',7),(1325,'Chablé','U',7),(1326,'Chacaj','R',7),(1327,'La Isla','R',7),(1328,'Emiliano Zapata (Sección Jobal)','R',7),(1329,'La Laguneta','R',7),(1330,'Mariché','R',7),(1331,'La Pita','R',7),(1332,'Pocvicuc','R',7),(1333,'Reforma','R',7),(1334,'Río Final','R',7),(1335,'San Bartolo','R',7),(1336,'Santa Cruz','R',7),(1337,'Santa Elena','R',7),(1338,'Santa Leonor','R',7),(1339,'Emiliano Zapata (Sección Pochote)','R',7),(1340,'Emiliano Zapata (Sección el Avispero)','R',7),(1341,'El Villano','R',7),(1342,'Nuevo Chablé','R',7),(1343,'Buenos Aires','R',7),(1344,'El Pucté','R',7),(1345,'El Tamana (Los Morenos)','R',7),(1346,'El Triángulo','R',7),(1347,'Jalisco','R',7),(1348,'La Eternidad','R',7),(1349,'Las Margaritas','R',7),(1350,'Las Vegas','R',7),(1351,'Santa Ana','R',7),(1352,'San Antonio','R',7),(1353,'San Felipe','R',7),(1354,'San Miguel','R',7),(1355,'Santa Rosa','R',7),(1356,'El Coco','R',7),(1357,'Corozal','R',7),(1358,'El Cuyo','R',7),(1359,'Chiquiguao','R',7),(1360,'Las Delicias','R',7),(1361,'El Desengaño','R',7),(1362,'El Encanto','R',7),(1363,'San Román','R',7),(1364,'El Tulipán','R',7),(1365,'El Piedral (Tierra Blanca)','R',7),(1366,'La Bonita','R',7),(1367,'Retén Federal','R',7),(1368,'Paraíso','R',7),(1369,'Coyoacán','R',7),(1370,'La Villa','R',7),(1371,'Tres Letras','R',7),(1372,'La Lomita','R',7),(1373,'Montebello','R',7),(1374,'San Alfonso (Las Campanas)','R',7),(1375,'Chamizal','R',7),(1376,'Loma Bonita','R',7),(1377,'El Carmen (San Marcos)','R',7),(1378,'Santa Beatriz','R',7),(1379,'Cinco Hermanos','R',7),(1380,'Los Salinas','R',7),(1381,'Chacama','R',7),(1382,'San Basilio','R',7),(1383,'La Mora','R',7),(1384,'Cacao Zona Baja','R',7),(1385,'Jesús Arcos Guerra','R',7),(1386,'Nuevo Pochote','R',7),(1387,'La Payla','R',7),(1388,'Las Palmitas','R',7),(1389,'El Coco (Vicente Éboli Oropeza)','R',7),(1390,'Linda Vista','R',7),(1391,'Santa Cruz','R',7),(1392,'San Juan','R',7),(1393,'San Felipe','R',7),(1394,'El Macho','R',7),(1395,'Boca de Chacamax','R',7),(1396,'La Esperanza','R',7),(1397,'Paso de San Román','R',7),(1398,'El Pial','R',7),(1399,'Los Robles','R',7),(1400,'San Antonio','R',7),(1401,'San Carlos','R',7),(1402,'Último Esfuerzo','R',7),(1403,'Las Veletas','R',7),(1404,'Cacao Zona Alta','R',7),(1405,'Las Porfías','R',7),(1406,'Huimanguillo','U',8),(1407,'Alto Amacohíte 3ra. Sección','R',8),(1408,'Amacohíte 1ra. Sección','R',8),(1409,'Amacohíte 2da. Sección','R',8),(1410,'La Arena 1ra. Sección','R',8),(1411,'Blasillo 1ra. Sección (Nicolás Bravo)','R',8),(1412,'Caobanal 1ra. Sección (Mezcalapa)','R',8),(1413,'La Ceiba 1ra. Sección','R',8),(1414,'Central Fournier 1ra. Sección (El Coleto)','R',8),(1415,'Chicoacán','R',8),(1416,'Chontalpa (Estación Chontalpa)','U',8),(1417,'El Desecho 1ra. Sección','R',8),(1418,'El Desecho 2da. Sección','R',8),(1419,'Economía','R',8),(1420,'Emiliano Zapata (Chichonal de la Boyería)','R',8),(1421,'El Encomendero','R',8),(1422,'Las Flores','R',8),(1423,'Francisco I. Madero','R',8),(1424,'Francisco J. Santamaría 1ra. Sección','R',8),(1425,'Francisco Martínez Gaytán','R',8),(1426,'Francisco Rueda','R',8),(1427,'Francisco Sarabia','R',8),(1428,'Gilberto Flores Muñoz 2da. Sección','R',8),(1429,'Gregorio Méndez 2da. Sección','R',8),(1430,'Guadalupe Victoria','R',8),(1431,'Güiral y González 1ra. Sección','R',8),(1432,'Güiral y González 2da. Sección','R',8),(1433,'Huapacal 1ra. Sección','R',8),(1434,'Ignacio Gutiérrez 3ra. Sección','R',8),(1435,'Ignacio Gutiérrez 1ra. Sección','R',8),(1436,'Ignacio Gutiérrez 2da. Sección','R',8),(1437,'José María Pino Suárez 1ra. Sección','R',8),(1438,'José Mercedes Gamas 2da. Sección','R',8),(1439,'José Narciso Rovirosa','R',8),(1440,'Laguna de los Limones','R',8),(1441,'Libertad','R',8),(1442,'Macayo y Naranjo 1ra. Sección','R',8),(1443,'Macayo y Naranjo 2da. Sección','R',8),(1444,'Macayo y Naranjo 3ra. Sección (San Agustín)','R',8),(1445,'Malpasito','R',8),(1446,'Manuel Sánchez Mármol','R',8),(1447,'Mecatepec','R',8),(1448,'Monte de Oro 1ra. Sección','R',8),(1449,'Los Naranjos 1ra. Sección (Campechito)','R',8),(1450,'Los Naranjos 2da. Sección','R',8),(1451,'Ocuapan','R',8),(1452,'Otra Banda 3ra. Sección','R',8),(1453,'Otra Banda 1ra. Sección','R',8),(1454,'Otra Banda 2da. Sección','R',8),(1455,'Palo Mulato (Zapotal)','R',8),(1456,'Paredón 1ra. Sección','R',8),(1457,'Paso del Rosario','R',8),(1458,'Pedregal Moctezuma 1ra. Sección','R',8),(1459,'Pedregal Moctezuma 2da. Sección (Leyva)','R',8),(1460,'Pedregal Moctezuma 1ra. Sección','R',8),(1461,'Pedregalito 1ra. Sección','R',8),(1462,'Pedro C. Colorado','R',8),(1463,'Pejelagartero 1ra. Sección (Plataforma)','R',8),(1464,'La Vencedora','R',8),(1465,'Pico de Oro 1ra. Sección','R',8),(1466,'El Puente 1ra. Sección','R',8),(1467,'El Puente','R',8),(1468,'Río Seco y Montaña 1ra. Sección','R',8),(1469,'Río Seco y Montaña 2da. Sección','R',8),(1470,'San Fernando','R',8),(1471,'San Manuel','R',8),(1472,'Tecominoacán','R',8),(1473,'Tierra Colorada 2da. Sección (Silbarán)','R',8),(1474,'Tierra Nueva 1ra. Sección','R',8),(1475,'Tierra Nueva 2da. Sección','R',8),(1476,'Tierra Nueva 3ra. Sección','R',8),(1477,'Tres Bocas 1ra. Sección','R',8),(1478,'La Venta','U',8),(1479,'Venustiano Carranza','R',8),(1480,'Villa Flores 1ra. Sección','R',8),(1481,'Villa Flores 2da. Sección','R',8),(1482,'Estación Zanapa','R',8),(1483,'C-31 (General Francisco Villa)','U',8),(1484,'C-32 (Licenciado Francisco Trujillo Gurría)','U',8),(1485,'C-34 (Licenciado Benito Juárez García)','U',8),(1486,'C-40 (Ernesto Aguirre Colorado)','U',8),(1487,'C-41 (Licenciado Carlos A. Madrazo)','U',8),(1488,'La Arena 2da. Sección','R',8),(1489,'Ostitán 1ra. Sección','R',8),(1490,'Ostitán 2da. Sección','R',8),(1491,'Benito Juárez 1ra. Sección','R',8),(1492,'Marcelino Inorrueta de la Fuente','R',8),(1493,'Gregorio Méndez','R',8),(1494,'Río Pedregal','R',8),(1495,'Unidad Modelo Sábana Larga','R',8),(1496,'Aquiles Serdán 1ra. Sección','R',8),(1497,'Benito Juárez','R',8),(1498,'Caobanal 2da. Sección (Pedro Sánchez Magallanes)','R',8),(1499,'Cuauhtémoc','R',8),(1500,'Chimalapa 1ra. Sección','R',8),(1501,'Chimalapa 2da. Sección','R',8),(1502,'El Guanal','R',8),(1503,'El Hormiguero','R',8),(1504,'Gustavo Díaz Ordaz 1ra. Sección','R',8),(1505,'La Candelaria','R',8),(1506,'La Soledad 1ra. Sección','R',8),(1507,'Las Piedras','R',8),(1508,'Carlos A. Madrazo','R',8),(1509,'Las Giraldas','R',8),(1510,'Miguel Hidalgo y Costilla','R',8),(1511,'Ostitán 1ra. Sección','R',8),(1512,'Rafael Martínez de Escobar','R',8),(1513,'Río Seco y Montaña 3ra. Sección (Chinal)','R',8),(1514,'Villa de Guadalupe','R',8),(1515,'Paso de la Mina 2da. Sección (Barrial)','R',8),(1516,'Paredón 2da. Sección','R',8),(1517,'Paredón 3ra. Sección','R',8),(1518,'Estación Martínez Gaytán','R',8),(1519,'Aureo L. Calles','R',8),(1520,'Santa Lucía','R',8),(1521,'Ignacio Allende','R',8),(1522,'Gustavo Díaz Ordaz 2da. Sección','R',8),(1523,'Zanapa 1ra. Sección','R',8),(1524,'Zanapa 2da. Sección (El Tumbo)','R',8),(1525,'Blasillo 2da. Sección (Otates)','R',8),(1526,'Tierra Colorada 1ra. Sección','R',8),(1527,'Paso de la Mina 3ra. Sección','R',8),(1528,'Los Naranjos 3ra. Sección','R',8),(1529,'José María Morelos y Pavón','R',8),(1530,'Central Fournier 2da. Sección','R',8),(1531,'Huapacal 2da. Sección','R',8),(1532,'Pico de Oro 3ra. Sección','R',8),(1533,'Paredón 1ra. Sección (El Porvenir)','R',8),(1534,'Paredón 2da. Sección (Álvaro Obregón)','R',8),(1535,'El Barí','R',8),(1536,'Bellas Artes','R',8),(1537,'Bellos Horizontes','R',8),(1538,'Blasillo 4ta. Sección','R',8),(1539,'El Cabrito','R',8),(1540,'El Naranjal','R',8),(1541,'El Carmen','R',8),(1542,'La Ceiba 2da. Sección','R',8),(1543,'Cinco Hermanos','R',8),(1544,'El Cocoite','R',8),(1545,'La Imaginación','R',8),(1546,'El Chapo 1ra. Sección','R',8),(1547,'Chicoacán','R',8),(1548,'La Providencia','R',8),(1549,'Diez de Abril','R',8),(1550,'Aquiles Serdán 2da. Sección (Azucenita)','R',8),(1551,'Francisco J. Mújica','R',8),(1552,'Francisco Trujillo Gurría','R',8),(1553,'Francisco Villa','R',8),(1554,'Las Galaxias','R',8),(1555,'La Gavia','R',8),(1556,'José Mercedes Gamas 1ra. Sección','R',8),(1557,'Gregorio Méndez Magaña','R',8),(1558,'Guadalupe Victoria','R',8),(1559,'Ogarrio (Rancho de los Manzanilla)','R',8),(1560,'Guerrero','R',8),(1561,'Ignacio Gutiérrez 4ta. Sección','R',8),(1562,'José María Morelos y Pavón','R',8),(1563,'José María Pino Suárez','R',8),(1564,'El Otate','R',8),(1565,'Luis Cabrera','R',8),(1566,'Macabil','R',8),(1567,'Macabilito','R',8),(1568,'Central Fournier 2da. Sección','R',8),(1569,'Los Cocos','R',8),(1570,'La Esperanza','R',8),(1571,'Palo Blanco','R',8),(1572,'Las Pampas','R',8),(1573,'El Paraíso','R',8),(1574,'Linda Vista','R',8),(1575,'Pedregal Moctezuma 2da. Sección','R',8),(1576,'El Pedregal','R',8),(1577,'Pejelagartero 1ra. Sección (Los Pinos)','R',8),(1578,'Pico de Oro 4ta. Sección (Pejelagarterito)','R',8),(1579,'C-25 (Isidro Cortés Rueda)','R',8),(1580,'Ramírez','R',8),(1581,'Las Giraldas','R',8),(1582,'La Mina','R',8),(1583,'Valencia','R',8),(1584,'El Recreo','R',8),(1585,'La Ceiba 1ra. Sección (Ruiz Cortínes)','R',8),(1586,'San Antonio','R',8),(1587,'Zapotal 1ra. Sección (San Miguel)','R',8),(1588,'Santa Cruz','R',8),(1589,'El Suspiro','R',8),(1590,'La Laguna','R',8),(1591,'Lago Escondido (El Tasiste)','R',8),(1592,'Tembladera 1ra. Sección','R',8),(1593,'Tierra Colorada 3ra. Sección','R',8),(1594,'La Libertad','R',8),(1595,'El Trébol (La Estrella)','R',8),(1596,'Tres Bocas 2da. Sección (El Zapotal)','R',8),(1597,'La Concepción','R',8),(1598,'La Chicharra','R',8),(1599,'Esperanza del Bajío','R',8),(1600,'Buena Fe','R',8),(1601,'Claguamar','R',8),(1602,'La Deliciosa','R',8),(1603,'Arriba y Adelante','R',8),(1604,'Las Elenas','R',8),(1605,'Los Morales','R',8),(1606,'Licenciado Antonio Zamora Arrioja','R',8),(1607,'Miguel Alemán Valdez','R',8),(1608,'Organización Campesina CNC','R',8),(1609,'Vieja Guardia Agrarista','R',8),(1610,'Tembladera (Paso Viejo)','R',8),(1611,'El Abuelo','R',8),(1612,'La Palma','R',8),(1613,'Laguna del Rosario','R',8),(1614,'Paso de la Mina 1ra. Sección','R',8),(1615,'San Juan','R',8),(1616,'Altamira','R',8),(1617,'San Pedrito','R',8),(1618,'El Complejo','R',8),(1619,'Nuevo Progreso','R',8),(1620,'Pejelagartero 1ra. Sección (Gpe. Victoria)','R',8),(1621,'Pejelagartero 1ra. Sección (Chichonal)','R',8),(1622,'Pejelagartero 1ra. Sección (El Filero)','R',8),(1623,'Zapotal 4ta. Sección (Zapotalito)','R',8),(1624,'Zapotal 3ra. Sección (El Corchal)','R',8),(1625,'Pejelagartero 2da. Sección (Nueva Reforma)','R',8),(1626,'El Desecho 1ra. Sección (Playa I)','R',8),(1627,'El Dorado','R',8),(1628,'La Trinidad','R',8),(1629,'La Aduana','R',8),(1630,'La Ceiba','R',8),(1631,'José María Pino Suárez 2da. Sección','R',8),(1632,'Chicoacán (Ampliación)','R',8),(1633,'Monte de Oro 2da. Sección','R',8),(1634,'El Mangal','R',8),(1635,'Los Naranjos','R',8),(1636,'C-26 (General Pedro C. Colorado)','R',8),(1637,'San Rogelio','R',8),(1638,'Paredón 1ra. Sección (La Isla)','R',8),(1639,'San Rafael','R',8),(1640,'Celia González de Rovirosa','R',8),(1641,'La Lucha','R',8),(1642,'La Luz','R',8),(1643,'Enrique Rodríguez Cano','R',8),(1644,'Emiliano Zapata (Kilómetro 4)','R',8),(1645,'Economía','R',8),(1646,'El Vergel','R',8),(1647,'Eduardo Alday Hernández','R',8),(1648,'Gilberto Flores Muñoz','R',8),(1649,'Margarito Zapata','R',8),(1650,'Nueva Esperanza','R',8),(1651,'Panga Nueva (La Central)','R',8),(1652,'Santa Petrona','R',8),(1653,'Benito Juárez 2da. Sección (Monte Alegre)','R',8),(1654,'Ernesto Aguirre Colorado','R',8),(1655,'La Lima (Tres Bocas)','R',8),(1656,'La Loma','R',8),(1657,'Los Laureles','R',8),(1658,'San Alfredo','R',8),(1659,'El Zopilote','R',8),(1660,'Caobanal 1ra. Sección (La Victoria)','R',8),(1661,'Los Viveros','R',8),(1662,'Pedro Sánchez Magallanes','R',8),(1663,'Pejelagartero 2da. Sección','R',8),(1664,'El Palmar','R',8),(1665,'Chiloloco','R',8),(1666,'Agapito Domínguez Canabal','R',8),(1667,'Otra Banda 2da. Sección','R',8),(1668,'Pedro C. Colorado 3ra. Sección','R',8),(1669,'Samaria','R',8),(1670,'Oaxaca','R',8),(1671,'Grano de Oro','R',8),(1672,'Palmira','R',8),(1673,'Ojo de Agua','R',8),(1674,'Campamento Galilea','R',8),(1675,'El Novillo','R',8),(1676,'El Retoño','R',8),(1677,'Francisco Martínez Gaytán 2da. Sección','R',8),(1678,'Framboyán','R',8),(1679,'El Mil Agro','R',8),(1680,'Gustavo Díaz Ordaz 3ra. Sección','R',8),(1681,'Tierra Nueva 4ta. Sección','R',8),(1682,'Las Granjas','R',8),(1683,'Miguel Alemán','R',8),(1684,'Emporio','R',8),(1685,'José Narciso Rovirosa','R',8),(1686,'Tío Moncho (Caobanal 1ra. Sección)','R',8),(1687,'Santa Cruz','R',8),(1688,'Cangrejera','R',8),(1689,'Monte de Oro 3ra. Sección','R',8),(1690,'Don Ostadio','R',8),(1691,'Río Seco y Montaña 3ra. Sección (Ampliación)','R',8),(1692,'Magil','R',8),(1693,'Manuel Treviño','R',8),(1694,'La Nueva Esperanza','R',8),(1695,'Beto Aguilera','R',8),(1696,'La Quebrada','R',8),(1697,'El Sacrificio','R',8),(1698,'Rancho Alegre','R',8),(1699,'Emiliano Zapata 2da. Sección','R',8),(1700,'Chicoacán 1ra. Sección','R',8),(1701,'San Manuel Tenerife','R',8),(1702,'La Soledad 2da. Sección','R',8),(1703,'Poblado C-41','R',8),(1704,'Pejelagartero 1ra. Sección (Nuevo Progreso)','R',8),(1705,'Zapotal 5ta. Sección','R',8),(1706,'El Chapo 2da. Sección','R',8),(1707,'Ignacio Gutiérrez 5ta. Sección','R',8),(1708,'Tres Bocas 3ra. Sección','R',8),(1709,'Tierra Colorada 4ta. Sección','R',8),(1710,'Enrique Rodríguez Cano','R',8),(1711,'Tomás Garrido Canabal','R',8),(1712,'Armando de la Fuente','R',8),(1713,'El Carmen','R',8),(1714,'Ignacio Allende (Chapingo)','R',8),(1715,'El Cruceño','R',8),(1716,'Cuauhtémoc y Palmira','R',8),(1717,'Doctor Vladimir Bustamante','R',8),(1718,'La Gloria','R',8),(1719,'Huapacal 3ra. Sección','R',8),(1720,'Isidro Broca','R',8),(1721,'El Jobo','R',8),(1722,'Macabil','R',8),(1723,'Mastelero','R',8),(1724,'Los Naranjos 4ta. Sección','R',8),(1725,'Pedregalito 1ra. Sección (Vicente Guerrero)','R',8),(1726,'Pedro C. Colorado 1ra. Sección','R',8),(1727,'Pejelagartero 2da. Sección (Jahuacte)','R',8),(1728,'Poblado C-34','R',8),(1729,'La Primavera','R',8),(1730,'El Refugio','R',8),(1731,'Río Pedregal 2da. Sección (Guadalupe Victoria)','R',8),(1732,'Roberto Madrazo Pintado','R',8),(1733,'El Sacrificio','R',8),(1734,'Salvador Neme Castillo','R',8),(1735,'El Sauce','R',8),(1736,'Los Tecos','R',8),(1737,'Tembladera 2da. Sección (Concepción Álvarez)','R',8),(1738,'Tierra Nueva 1ra. Sección (Las Palmas)','R',8),(1739,'El Trébol','R',8),(1740,'Tres Bocas','R',8),(1741,'Tres Gotas de Agua','R',8),(1742,'La Trinidad','R',8),(1743,'La Venta (El Cuatro)','R',8),(1744,'Por la Moral de un Presidente','R',8),(1745,'Huapacal 4ta. Sección','R',8),(1746,'Poblado C-31 Uno','R',8),(1747,'Pejelagartero 1ra. Sección (El Arroyito)','R',8),(1748,'El Puente 2da. Sección','R',8),(1749,'Manuel Andrade Díaz','R',8),(1750,'Palo Mulato Viejo','R',8),(1751,'Santa Cecilia','R',8),(1752,'Zapotal San Miguel 1ra. Sección Ramal Uno','R',8),(1753,'Escobedo','R',8),(1754,'General Miguel Orrico de los Llanos','R',8),(1755,'La Florida','R',8),(1756,'La Trinidad','R',8),(1757,'San Lázaro','R',8),(1758,'Unión y Fuerza','R',8),(1759,'Libertad Agraria','R',8),(1760,'El Carmen','R',8),(1761,'Luis Donaldo Colosio Murrieta','R',8),(1762,'Lázaro Cárdenas del Río','R',8),(1763,'Nuevo México','R',8),(1764,'18 de Marzo','R',8),(1765,'Rancho Nuevo','R',8),(1766,'Pejelagartero 2da. Sección (Palo de Rayo)','R',8),(1767,'Jalapa','U',9),(1768,'Aquiles Serdán 3ra. Sección (San Román)','R',9),(1769,'Aquiles Serdán 2da. Sección','R',9),(1770,'Astapa','R',9),(1771,'Benito González','R',9),(1772,'Calicanto 1ra. Sección','R',9),(1773,'Calicanto 2da. Sección','R',9),(1774,'Calicanto 3ra. Sección','R',9),(1775,'El Cerro','R',9),(1776,'Chichonal 1ra. Sección','R',9),(1777,'Chipilinar 1ra. Sección','R',9),(1778,'Chipilinar 1ra. Sección (Guayacán)','R',9),(1779,'Francisco J. Santamaría (Cacao)','R',9),(1780,'Guanal 3ra. Sección (Guanalito)','R',9),(1781,'Huapacal 1ra. Sección','R',9),(1782,'Huapacal 2da. Sección','R',9),(1783,'Jahuacapa','R',9),(1784,'Jalapa','R',9),(1785,'Mérida y Guarumo','R',9),(1786,'Montaña','R',9),(1787,'Puyacatengo Sur','R',9),(1788,'Guanal 2da. Sección','R',9),(1789,'Río de Teapa','R',9),(1790,'San Cristóbal 1ra. Sección','R',9),(1791,'San Juan el Alto 1ra. Sección','R',9),(1792,'San Juan el Alto 2da. Sección','R',9),(1793,'San Miguel Adentro 1ra. Sección','R',9),(1794,'San Miguel Afuera','R',9),(1795,'Santo Domingo 1ra. Sección (El Llano)','R',9),(1796,'Tequila 1ra. Sección (La Aurora)','R',9),(1797,'Víctor Fernández Manero 1ra. Sección (San Antonio)','R',9),(1798,'Puyacatengo Norte','R',9),(1799,'La Unión (Clavo de la Victoria)','R',9),(1800,'Progreso','R',9),(1801,'Tequila','R',9),(1802,'Aquiles Serdán 4ta. Sección','R',9),(1803,'San Cristóbal 2da. Sección','R',9),(1804,'San Marcos','R',9),(1805,'San Miguel Afuera','R',9),(1806,'El Dorado','R',9),(1807,'Chipilinar 2da. Sección (Contreras)','R',9),(1808,'Guanal 1ra. Sección','R',9),(1809,'Aquiles Serdán 1ra. Sección','R',9),(1810,'Chichonal 2da. Sección','R',9),(1811,'Chichonal 3ra. Sección (La Capilla)','R',9),(1812,'Santo Domingo 2da. Sección','R',9),(1813,'Lomas de Vidal','R',9),(1814,'Tequila 3ra. Sección (Independencia)','R',9),(1815,'Tequila 2da. Sección','R',9),(1816,'Víctor Fernández Manero 2da. Sección (San Miguel)','R',9),(1817,'Víctor Fernández Manero 3ra. Sección (San Isidro)','R',9),(1818,'Jahuacapa (Puente Grande)','R',9),(1819,'Puerto Rico','R',9),(1820,'Montaña','R',9),(1821,'Emiliano Zapata','R',9),(1822,'Chipilinar 4ta. Sección','R',9),(1823,'Chichonal 4ta. Sección','R',9),(1824,'Chipilinar 1ra. Sección la Lima','R',9),(1825,'Chipilinar 3ra. Sección','R',9),(1826,'San Miguel Adentro 2da. Sección','R',9),(1827,'Calicanto (Rinconada)','R',9),(1828,'Aquiles Serdán 5ta. Sección','R',9),(1829,'Jalapa','R',9),(1830,'Jesús María','R',9),(1831,'Tequila 4ta. Sección','R',9),(1832,'Jalpa de Méndez','U',10),(1833,'Amatitán','R',10),(1834,'Ayapa','U',10),(1835,'Benito Juárez 1ra. Sección','R',10),(1836,'Benito Juárez 2da. Sección','R',10),(1837,'Benito Juárez 3ra. Sección','R',10),(1838,'Boquiapa','R',10),(1839,'La Ceiba','R',10),(1840,'La Concepción','R',10),(1841,'La Cruz','R',10),(1842,'Chacalapa 1ra. Sección','R',10),(1843,'Chacalapa 2da. Sección (San Manuel)','R',10),(1844,'Gregorio Méndez','R',10),(1845,'Hermenegildo Galeana 1ra. Sección','R',10),(1846,'Hermenegildo Galeana 2da. Sección','R',10),(1847,'Huapacal 1ra. Sección','R',10),(1848,'Huapacal 2da. Sección (Punta Brava)','R',10),(1849,'Iquinuapa (El Clavo)','R',10),(1850,'Iquinuapa','U',10),(1851,'Jalupa','U',10),(1852,'El Campo Petrolero Mecoacán','R',10),(1853,'Mecoacán','R',10),(1854,'Mecoacán 2da. Sección (San Lorenzo)','R',10),(1855,'Nicolás Bravo','R',10),(1856,'Pueblo Viejo','R',10),(1857,'El Recreo','R',10),(1858,'Reforma 1ra. Sección','R',10),(1859,'Reforma 2da. Sección (Santa María)','R',10),(1860,'Reforma 3ra. Sección (El Guano)','R',10),(1861,'El Río','R',10),(1862,'San Nicolás','R',10),(1863,'Santa Ana (El Río)','R',10),(1864,'Santa Lucía','R',10),(1865,'Santuario 1ra. Sección','R',10),(1866,'Soyataco','U',10),(1867,'Santuario 2da. Sección','R',10),(1868,'Tierra Adentro 1ra. Sección','R',10),(1869,'Tierra Adentro 2da. Sección','R',10),(1870,'Tierras Peleadas (Tierras Amigas)','R',10),(1871,'Tomás Garrido Canabal (San José)','R',10),(1872,'Vicente Guerrero 1ra. Sección','R',10),(1873,'Vicente Guerrero 2da. Sección','R',10),(1874,'El Novillero','R',10),(1875,'El Juncal','R',10),(1876,'San Hipólito','R',10),(1877,'San Gregorio','R',10),(1878,'La Trinidad','R',10),(1879,'Ribera Alta','R',10),(1880,'El Púlpito','R',10),(1881,'Tierra Adentro 3ra. Sección (El Vigía)','R',10),(1882,'El Carmen','R',10),(1883,'Ayapa','R',10),(1884,'Nabor Cornelio Álvarez','R',10),(1885,'La Ensenada','R',10),(1886,'José Narciso Rovirosa','R',10),(1887,'El Mango de Ayapa','R',10),(1888,'Ribera del Puente','R',10),(1889,'El Carmen (La Ensenada)','R',10),(1890,'Colonia Osorio','R',10),(1891,'El Carmen','R',10),(1892,'Lázaro Cárdenas','R',10),(1893,'La Solución Somos Todos (Arroyo Hondo)','R',10),(1894,'Soyataco Uno','R',10),(1895,'La Pera','R',10),(1896,'La Guadalupe','R',10),(1897,'Jonuta','U',11),(1898,'El Barrial','R',11),(1899,'Boca de San Gerónimo','R',11),(1900,'La Guayaba (Alto Amatitán)','R',11),(1901,'Constitución de 1917 (Jonutilla)','R',11),(1902,'Boca de San Antonio','R',11),(1903,'El Bejucal','R',11),(1904,'Cocoyolar (Río Chico)','R',11),(1905,'Cuyo de Guadalupe','R',11),(1906,'Esperanza','R',11),(1907,'Esquipulas','R',11),(1908,'Federico Álvarez 1ra. Sección A','R',11),(1909,'Güiro Arrancado','R',11),(1910,'José María Pino Suárez (San Pedro)','R',11),(1911,'Monte Grande','R',11),(1912,'Los Pájaros','R',11),(1913,'Las Palmas','R',11),(1914,'Playa Larga','R',11),(1915,'Pueblo Nuevo','R',11),(1916,'Ribera Baja 1ra. Sección A','R',11),(1917,'El Sacrificio','R',11),(1918,'Torno de la Bola','R',11),(1919,'Torno Largo 1ra. Sección A (Benito Juárez)','R',11),(1920,'Torno Largo 2da. Sección','R',11),(1921,'Trinidad y Catalina 1ra. Sección','R',11),(1922,'Zapotal 1ra. Sección B','R',11),(1923,'San Miguel','R',11),(1924,'Monte Grande (El Pastal)','R',11),(1925,'San Felipe','R',11),(1926,'El Aguacatal','R',11),(1927,'La Frutilla','R',11),(1928,'El Piñal','R',11),(1929,'Lázaro Cárdenas','R',11),(1930,'Santa Anita del Rosario','R',11),(1931,'El Cocal','R',11),(1932,'El Porvenir 1ra. Sección','R',11),(1933,'Isla Helva de Guadalupe','R',11),(1934,'Santa Rita 1ra. Sección','R',11),(1935,'Chanero','R',11),(1936,'San Gerónimo','R',11),(1937,'Las Petronas','R',11),(1938,'Venustiano Carranza (El Pajonal)','R',11),(1939,'Acapulco','R',11),(1940,'Carlos Pellicer Cámara (Bajo Amatitán)','R',11),(1941,'El Barrialito (El Pichal)','R',11),(1942,'El Bonchanito','R',11),(1943,'Buena Vista','R',11),(1944,'Campo Nuevo','R',11),(1945,'La Candelaria','R',11),(1946,'San Benigno (Canul)','R',11),(1947,'El Bajío (El Caribal)','R',11),(1948,'Cirilo y Narváez','R',11),(1949,'El Chamizal','R',11),(1950,'Chichicastle','R',11),(1951,'Chinal','R',11),(1952,'Ribera Baja 2da. Sección (Gran Poder)','R',11),(1953,'El Bolsón','R',11),(1954,'Isla Nuevo Barrialito','R',11),(1955,'Monte Grande (Nuevo Mundo)','R',11),(1956,'Acuiltzingo','R',11),(1957,'Las Puercas (Playa Larga 3ra. Sección)','R',11),(1958,'Pochitocal','R',11),(1959,'La Providencia','R',11),(1960,'Quince de Mayo','R',11),(1961,'La Racha','R',11),(1962,'Boca de Amatitán','R',11),(1963,'Federico Álvarez 2da. Sección','R',11),(1964,'San Geronimito','R',11),(1965,'San José Jimbal','R',11),(1966,'Santa Cruz (El Santuario)','R',11),(1967,'Santa Rita 2da. Sección','R',11),(1968,'Isla San Lorenzo (Sitio Nuevo)','R',11),(1969,'El Deseo','R',11),(1970,'Las Chepas','R',11),(1971,'Las Canoas','R',11),(1972,'Laguna Azul (La Ilusión)','R',11),(1973,'Carrizal','R',11),(1974,'Chanero Río','R',11),(1975,'Corozal','R',11),(1976,'Corozal Río','R',11),(1977,'Guarda Tierra','R',11),(1978,'Zapotal 2da. Sección','R',11),(1979,'Vuelta Abajo','R',11),(1980,'Los Buchecos','R',11),(1981,'Los Giles','R',11),(1982,'Tomás Garrido Canabal (El Rincón)','R',11),(1983,'El Ciprés','R',11),(1984,'San Fernando','R',11),(1985,'El Tucuyal','R',11),(1986,'La Piñuela','R',11),(1987,'Altamira','R',11),(1988,'Bella Flor','R',11),(1989,'La Encarnación','R',11),(1990,'San José','R',11),(1991,'El Almendrito','R',11),(1992,'Francisco J. Mújica','R',11),(1993,'Elpidio Sánchez','R',11),(1994,'San Antonio','R',11),(1995,'San José (Encarnación San Pedro)','R',11),(1996,'San Pablo','R',11),(1997,'Sacrificio','R',11),(1998,'Prudencio López Arias','R',11),(1999,'San Juan','R',11),(2000,'San Manuel','R',11),(2001,'California','R',11),(2002,'Tabasco Nuevo','R',11),(2003,'Ribera Baja 1ra. Sección B','R',11),(2004,'San Manuel','R',11),(2005,'La Herma','R',11),(2006,'Argentina','R',11),(2007,'Sitio Nuevo','R',11),(2008,'El Carmen','R',11),(2009,'La Concordia','R',11),(2010,'El Pitero','R',11),(2011,'La Providencia','R',11),(2012,'La Chonita','R',11),(2013,'El Triunfo (La Paila)','R',11),(2014,'Isla el Rosario','R',11),(2015,'Nueva Esperanza','R',11),(2016,'Santa Cruz','R',11),(2017,'San José','R',11),(2018,'San Pedro','R',11),(2019,'Playa Chiquita 1ra. Sección A','R',11),(2020,'El Plátano','R',11),(2021,'El Charro','R',11),(2022,'San Cristóbal','R',11),(2023,'Tumbo Chinal','R',11),(2024,'Vista Hermosa','R',11),(2025,'San Manuel','R',11),(2026,'El Progreso','R',11),(2027,'San Danilo (El Durazno)','R',11),(2028,'Delita (Santa Deli)','R',11),(2029,'Isla Chichicastle','R',11),(2030,'Los Pájaros (El Porvenir)','R',11),(2031,'San Lorenzo','R',11),(2032,'San Julián','R',11),(2033,'San Miguel','R',11),(2034,'Buenos Lirios','R',11),(2035,'Cinco de Mayo','R',11),(2036,'Argentina','R',11),(2037,'El Porvenir','R',11),(2038,'San Jorge','R',11),(2039,'Sacrificio','R',11),(2040,'Las Delicias','R',11),(2041,'La Esperanza','R',11),(2042,'Santa Rosa','R',11),(2043,'Bélgica','R',11),(2044,'Sacrificio','R',11),(2045,'San Agustín','R',11),(2046,'El Tinto','R',11),(2047,'Las Campanas','R',11),(2048,'El Encanto (El Chochal)','R',11),(2049,'Hidalgo y Tamarindo','R',11),(2050,'El Chochal','R',11),(2051,'La Bendición de Dios','R',11),(2052,'San José','R',11),(2053,'Los Cuatro Hermanos López','R',11),(2054,'Sacrificio','R',11),(2055,'Trinidad y Catalina 2da. Sección','R',11),(2056,'El Desengaño','R',11),(2057,'La Piñuela','R',11),(2058,'La Frutilla (San Ángel)','R',11),(2059,'El Trébol','R',11),(2060,'El Caoba','R',11),(2061,'San Antonio (Isla los Paladines)','R',11),(2062,'El Sitio','R',11),(2063,'Corcobao','R',11),(2064,'Federico Álvarez 3ra. Sección','R',11),(2065,'Torno Largo 1ra. Sección (El Güiral)','R',11),(2066,'Playa Chiquita 2da. Sección','R',11),(2067,'San Manuel','R',11),(2068,'Boca de San Gerónimo (San Gerónimo)','R',11),(2069,'Torno Largo 1ra. Sección B','R',11),(2070,'Torno Largo 3ra. Sección','R',11),(2071,'Zapotal 1ra. Sección A','R',11),(2072,'Trinidad y Catalina 3ra. Sección','R',11),(2073,'Puerta al Cielo','R',11),(2074,'Torno Largo 4ta. Sección','R',11),(2075,'Federico Álvarez 1ra. Sección B','R',11),(2076,'Federico Álvarez 4ta. Sección','R',11),(2077,'Playa Chiquita el Cuyo','R',11),(2078,'Bejucal Ramal los Cuyos','R',11),(2079,'María Elena Huerta Zamacona','R',11),(2080,'Macuspana','U',12),(2081,'Abasolo','R',12),(2082,'Alcalde Mayor','R',12),(2083,'Tulijá Sección Chinal','R',12),(2084,'Alto Tulijá 2da. Sección (Paredón)','R',12),(2085,'Álvaro Obregón','R',12),(2086,'Allende Alto 2da. Sección','R',12),(2087,'Allende Bajo 2da. Sección','R',12),(2088,'Aquiles Serdán (San Fernando)','U',12),(2089,'Bajo Tulijá','R',12),(2090,'Barrial','R',12),(2091,'Santos Degollado 1ra. Sección (El Bayo)','R',12),(2092,'El Bayo 2da. Sección','R',12),(2093,'Belén','U',12),(2094,'Benito Juárez (San Carlos)','U',12),(2095,'Bitzal 1ra. Sección','R',12),(2096,'Bitzal 2da. Sección','R',12),(2097,'Bitzal 3ra. Sección','R',12),(2098,'Bitzal 4ta. Sección','R',12),(2099,'Bitzal 5ta. Sección','R',12),(2100,'Bitzal 6ta. Sección','R',12),(2101,'Bonanza 1ra. Sección','R',12),(2102,'Bonanza 2da. Sección','R',12),(2103,'Buena Vista (Apasco)','R',12),(2104,'Buergos','R',12),(2105,'Las Campanas','R',12),(2106,'Carlos Greene 1ra. Sección','R',12),(2107,'Carmen Serdán','R',12),(2108,'Castro y Güiro','R',12),(2109,'Clemente Reyes 1ra. Sección','R',12),(2110,'Rovirosa','R',12),(2111,'El Congo','R',12),(2112,'Corralillo 1ra. Sección (Nopalapa)','R',12),(2113,'Cuauhtémoc','R',12),(2114,'La Curva','U',12),(2115,'Chilapilla 1ra. Sección','R',12),(2116,'Chivalito 2da. Sección','R',12),(2117,'Emiliano Zapata 1ra. Sección','R',12),(2118,'Emiliano Zapata 2da. Sección','R',12),(2119,'La Esperanza','R',12),(2120,'Francisco Bates','R',12),(2121,'Francisco I. Madero Alto 1ra. Sección','R',12),(2122,'Francisco I. Madero Alto 2da. Sección','R',12),(2123,'Francisco I. Madero Bajo','R',12),(2124,'Francisco Javier Mina (El Coco)','R',12),(2125,'Hermenegildo Galeana (Chiveros)','R',12),(2126,'Morelos','R',12),(2127,'Gregorio Méndez 2da. Sección (Pataztal)','R',12),(2128,'Gregorio Méndez 1ra. Sección','R',12),(2129,'Guadalupe Victoria','R',12),(2130,'Guillermo Prieto','R',12),(2131,'Gustavo A. Madero','R',12),(2132,'Miguel Hidalgo 1ra. Sección','R',12),(2133,'Ignacio Manuel Altamirano 1ra. Sección','R',12),(2134,'Ignacio Manuel Altamirano 2da. Sección','R',12),(2135,'La Isla 1ra. Sección','R',12),(2136,'La Isla 2da. Sección','R',12),(2137,'José Colomo','R',12),(2138,'José María Pino Suárez','R',12),(2139,'Lázaro Cárdenas 1ra. Sección','R',12),(2140,'Lerdo de Tejada 1ra. Sección','R',12),(2141,'Lerdo de Tejada 2da. Sección','R',12),(2142,'Adolfo López Mateos (Corral Nuevo)','R',12),(2143,'Licenciado Juan César Becerra Bates','R',12),(2144,'Límbano Blandín 1ra. Sección','R',12),(2145,'Limón 1ra. Sección Sector A','R',12),(2146,'Limón 2da. Sección Sector A','R',12),(2147,'El Maluco 1ra. Sección','R',12),(2148,'Melchor Ocampo 1ra. Sección','R',12),(2149,'Miguel Allende','R',12),(2150,'Miguel Orrico de los Llanos','R',12),(2151,'Monte Adentro','R',12),(2152,'Monte Largo 1ra. Sección','R',12),(2153,'Morelos','R',12),(2154,'Los Naranjos 1ra. Sección','R',12),(2155,'Narciso Mendoza 1ra. Sección','R',12),(2156,'Nicolás Bravo','R',12),(2157,'Nueva División del Bayo (Guatemala)','R',12),(2158,'Palomas','R',12),(2159,'Paraíso','R',12),(2160,'Pedro A. González','R',12),(2161,'Pedro C. Colorado 1ra. Sección','R',12),(2162,'Pemex (Ciudad Pemex)','U',12),(2163,'Pitahaya','R',12),(2164,'Playas de las Jiménez','R',12),(2165,'El Porvenir','R',12),(2166,'Profesor Caparroso 1ra. Sección','R',12),(2167,'Profesor Caparroso 2da. Sección','R',12),(2168,'Ramón Grande','R',12),(2169,'Reforma 1ra. Sección','R',12),(2170,'Santos Degollado 2da. Sección','R',12),(2171,'Santuario 1ra. Sección (Estación Macuspana)','R',12),(2172,'Santuario 2da. Sección','R',12),(2173,'Tepetitán','R',12),(2174,'Tierra Colorada','R',12),(2175,'El Triunfo 1ra. Sección','R',12),(2176,'Unión y Libertad','R',12),(2177,'Venustiano Carranza (La Alianza)','R',12),(2178,'Vernet 1ra. Sección','R',12),(2179,'Vernet 2da. Sección','R',12),(2180,'Vernet 3ra. Sección','R',12),(2181,'Vernet 4ta. Sección (Juan Salas)','R',12),(2182,'Vernet 5ta. Sección (Corozal)','R',12),(2183,'Vernet 6ta. Sección (San Lorenzo)','R',12),(2184,'Vicente Guerrero 1ra. Sección','R',12),(2185,'Virginio Chan 3ra. Sección','R',12),(2186,'Virginio Chan 2da. Sección','R',12),(2187,'Zopo Norte','R',12),(2188,'Allende Bajo 1ra. Sección (San Joaquín)','R',12),(2189,'Allende Bajo 2da. Sección (San Diego)','R',12),(2190,'Bitzal 7ma. Sección','R',12),(2191,'Encrucijada','R',12),(2192,'Bayona','R',12),(2193,'Corralillo 1ra. Sección','R',12),(2194,'Chilapilla 2da. Sección','R',12),(2195,'Miguel Hidalgo 2da. Sección','R',12),(2196,'Lázaro Cárdenas 2da. Sección','R',12),(2197,'Francisco Villa','R',12),(2198,'Virginio Chan 1ra. Sección','R',12),(2199,'El Chinalito','R',12),(2200,'Melchor Ocampo 2da. Sección','R',12),(2201,'La Unión','R',12),(2202,'Mariano Matamoros','R',12),(2203,'Veinte de Noviembre','R',12),(2204,'Nuevo Progreso (La Candelaria)','R',12),(2205,'Chivalito 4ta. Sección','R',12),(2206,'Límbano Blandín 2da. Sección','R',12),(2207,'La Escalera','R',12),(2208,'Simón Sarlat','R',12),(2209,'Pedro C. Colorado 2da. Sección (Orizaba)','R',12),(2210,'Maluco 2da. Sección (Juan Vaquero)','R',12),(2211,'Limón 1ra. Sección Sector B','R',12),(2212,'El Triunfo 2da. Sección','R',12),(2213,'El Corchal','R',12),(2214,'Chiquihuite','R',12),(2215,'Progreso (Guaruma)','R',12),(2216,'Zopo Sur','R',12),(2217,'Allende Alto 1ra. Sección','R',12),(2218,'Arroyo Hondo (Vicente Guerrero 2da. Sección)','R',12),(2219,'Alto Tulijá 1ra. Sección (Lechugal)','R',12),(2220,'El Bayo 1ra. Sección (Granada)','R',12),(2221,'Cacahuatalillo','R',12),(2222,'La Candelaria (El Barrial)','R',12),(2223,'Clemente Reyes 2da. Sección (Cantemoc)','R',12),(2224,'El Guanal','R',12),(2225,'Corozo','R',12),(2226,'El Güiro','R',12),(2227,'Maculizal','R',12),(2228,'Otatal','R',12),(2229,'Benito Juárez Sección Panzillal','R',12),(2230,'Ramoncito','R',12),(2231,'Reforma 2da. Sección','R',12),(2232,'San Antonio','R',12),(2233,'San Lucas','R',12),(2234,'Santa Cruz','R',12),(2235,'La Sombra','R',12),(2236,'Tierra Colorada (Vicente Guerrero 3ra. Sección)','R',12),(2237,'Veinte de Noviembre','R',12),(2238,'Xicotencatl','R',12),(2239,'La Y Griega','R',12),(2240,'José López Portillo','R',12),(2241,'Corralillo 2da. Sección (La Princesa)','R',12),(2242,'Tomás Garrido Canabal','R',12),(2243,'Las Ferias','R',12),(2244,'Benito Juárez','R',12),(2245,'El Mango','R',12),(2246,'El Reventón','R',12),(2247,'Narciso Mendoza 2da. Sección','R',12),(2248,'Sitio Nuevo','R',12),(2249,'Buena Vista (Puxcatán)','R',12),(2250,'Ampliación Morelos (Los Morales)','R',12),(2251,'Ampliación Morelos','R',12),(2252,'Nabor Cornelio','R',12),(2253,'Andrés García','R',12),(2254,'Guacamaya','R',12),(2255,'Trinidad Malpica Hernández','R',12),(2256,'El Venadito','R',12),(2257,'Celia González de Rovirosa','R',12),(2258,'Melchor Ocampo 3ra. Sección','R',12),(2259,'Santa Ana','R',12),(2260,'Tierra Colorada (El Indio)','R',12),(2261,'Belén Monte Largo 3ra. Sección (Tronchadero)','R',12),(2262,'Ignacio Zaragoza (Los Ateos)','R',12),(2263,'San Antonio','R',12),(2264,'El Regocijo','R',12),(2265,'Nueva Esperanza','R',12),(2266,'San Francisco','R',12),(2267,'Monte Largo 2da. Sección','R',12),(2268,'San Juan de Ismate','R',12),(2269,'Los Gurría','R',12),(2270,'Vernet Sierra de Guadalupe','R',12),(2271,'San Juan Bautista','R',12),(2272,'Los Arbolitos','R',12),(2273,'Los Güiros','R',12),(2274,'Los Naranjos 2da. Sección','R',12),(2275,'Huapacal','R',12),(2276,'Vernet 1ra. Sección (Los Venados)','R',12),(2277,'Limón 1ra. Sección Sector C','R',12),(2278,'Limón 2da. Sección Sector B','R',12),(2279,'Carmen Serdán','R',12),(2280,'El Triunfo 3ra. Sección','R',12),(2281,'Clemente Reyes 2da. Sección','R',12),(2282,'Abasolo 1ra. Sección','R',12),(2283,'Bajo Allende 1ra. Sección','R',12),(2284,'San José','R',12),(2285,'El Chinal','R',12),(2286,'Aquiles Serdán','R',12),(2287,'García','R',12),(2288,'Linda Vista','R',12),(2289,'Santa Lucía','R',12),(2290,'Independencia','R',12),(2291,'Abasolo 2da. Sección','R',12),(2292,'Carlos Greene 2da. Sección','R',12),(2293,'La Ceiba','R',12),(2294,'Simón Sarlat 2da. Sección (San Martín)','R',12),(2295,'Independencia Uno','R',12),(2296,'Las Lomas de Caparroso','R',12),(2297,'Narciso Mendoza (Chilapilla 1ra. Sección)','R',12),(2298,'La Providencia','R',12),(2299,'Pichalito','R',12),(2300,'Diez de Abril','R',12),(2301,'La Candelaria','R',12),(2302,'Nacajuca','U',13),(2303,'Arroyo','R',13),(2304,'Arroyo','R',13),(2305,'Banderas (Guatacalca 2da. Sección)','R',13),(2306,'El Cedro','R',13),(2307,'Corriente 1ra. Sección','R',13),(2308,'Corriente 2da. Sección','R',13),(2309,'La Cruz de Nacajuca','R',13),(2310,'Chicozapote','R',13),(2311,'Guanosolo','R',13),(2312,'El Guásimo','R',13),(2313,'Guatacalca','U',13),(2314,'Guaytalpa','R',13),(2315,'Jiménez','R',13),(2316,'Libertad','U',13),(2317,'Lomitas','U',13),(2318,'Mazateupa','U',13),(2319,'Olcuatitán','R',13),(2320,'Oxiacaque','R',13),(2321,'El Pastal','R',13),(2322,'San Simón','R',13),(2323,'Saloya 1ra. Sección','R',13),(2324,'Saloya 2da. Sección','R',13),(2325,'Corralillo','R',13),(2326,'Samarkanda','R',13),(2327,'Sandial','R',13),(2328,'San Isidro 1ra. Sección','R',13),(2329,'Santa Rosa','R',13),(2330,'Taxco','R',13),(2331,'Tecoluta 1ra. Sección','R',13),(2332,'El Tigre','R',13),(2333,'Tucta','R',13),(2334,'Vainilla','R',13),(2335,'El Zapote','R',13),(2336,'San Isidro 2da. Sección','R',13),(2337,'Belén','R',13),(2338,'Guatacalca','R',13),(2339,'Isla Guadalupe','R',13),(2340,'Chicozapote','R',13),(2341,'La Cruz de Olcuatitán','R',13),(2342,'San José Pajonal','R',13),(2343,'Cantemoc 1ra. Sección','R',13),(2344,'Cantemoc 2da. Sección','R',13),(2345,'El Hormiguero','R',13),(2346,'El Cometa','R',13),(2347,'Tecoluta 2da. Sección','R',13),(2348,'El Sitio','R',13),(2349,'El Guanal','R',13),(2350,'El Pantano','R',13),(2351,'Bosque de Saloya','U',13),(2352,'Tapotzingo','U',13),(2353,'Huatacalca','R',13),(2354,'El Chiflón','R',13),(2355,'La Loma','R',13),(2356,'Salvador Allende','R',13),(2357,'Arena','R',13),(2358,'La Selva','U',13),(2359,'Manuel Buendía Téllez Girón','R',13),(2360,'Ferlles Nuevo Campestre','R',13),(2361,'Rivera Alta','R',13),(2362,'Arroyo San Cipriano','R',13),(2363,'Benito Juárez','R',13),(2364,'Brisas del Carrizal','U',13),(2365,'El Encanto','R',13),(2366,'Aparceros','R',13),(2367,'Amatón','R',13),(2368,'La Pera','R',13),(2369,'Libertad 2da. Sección','R',13),(2370,'Pomoca','U',13),(2371,'Juan Diego','R',13),(2372,'Simón Bolívar','R',13),(2373,'La Cruz del Sandial','R',13),(2374,'San Marcos','R',13),(2375,'Entre Ceibas','R',13),(2376,'Palmira','R',13),(2377,'Real Campestre','R',13),(2378,'Paraíso','U',14),(2379,'Aquiles Serdán','R',14),(2380,'Aquiles Serdán','R',14),(2381,'El Bellote (Miguel de la Madrid)','R',14),(2382,'Puerto Ceiba (Carrizal)','R',14),(2383,'Puerto Ceiba','U',14),(2384,'Chiltepec (Puerto Chiltepec)','R',14),(2385,'Las Flores 1ra. Sección','R',14),(2386,'Las Flores 2da. Sección','R',14),(2387,'Francisco I. Madero 2da. Sección','R',14),(2388,'Barra de Tupilco','R',14),(2389,'José María Morelos y Pavón (El Bellote)','R',14),(2390,'Libertad 1ra. Sección (El Chivero)','R',14),(2391,'Libertad 2da. Sección','R',14),(2392,'Francisco I. Madero','R',14),(2393,'Francisco I. Madero (Madero)','R',14),(2394,'Moctezuma 1ra. Sección','R',14),(2395,'Moctezuma 2da. Sección','R',14),(2396,'Nicolás Bravo','R',14),(2397,'Oriente 1ra. Sección','R',14),(2398,'Oriente (San Cayetano)','U',14),(2399,'Potreritos','R',14),(2400,'Quintín Arauz','U',14),(2401,'Nuevo Torno Largo','R',14),(2402,'Guano Solo (El Coquito)','R',14),(2403,'La Unión 3ra. Sección','R',14),(2404,'El Escribano','R',14),(2405,'Las Flores 3ra. Sección (El Cerro)','R',14),(2406,'Moctezuma 3ra. Sección','R',14),(2407,'Nicolás Bravo 2da. Sección (La Gloria)','R',14),(2408,'Nicolás Bravo 3ra. Sección','R',14),(2409,'Nicolás Bravo 4ta. Sección (Tilapa)','R',14),(2410,'Nicolás Bravo 5ta. Sección (Punta Brava)','R',14),(2411,'Monte Adentro','R',14),(2412,'Moctezuma (Francisco I. Madero 3ra. Sección)','R',14),(2413,'La Unión 1ra. Sección (Amatillo)','R',14),(2414,'La Unión 2da. Sección','R',14),(2415,'Andrés García (La Isla)','R',14),(2416,'Chiltepec (Sección Banco)','R',14),(2417,'Oriente 2da. Sección (Palma Huaca)','R',14),(2418,'Occidente (San Francisco)','R',14),(2419,'Chiltepec (Sección Pénjamo)','R',14),(2420,'Oriente (Hormiguero)','R',14),(2421,'Palestina','R',14),(2422,'La Solución Somos Todos (La Alianza)','R',14),(2423,'Hueso de Puerco (Colonia Quintín Aráuz)','R',14),(2424,'Quintín Aráuz Uno','R',14),(2425,'Chiltepec (Sección Tanque)','R',14),(2426,'Tacotalpa','U',15),(2427,'Agua Blanca','R',15),(2428,'José María Morelos y Pavón','R',15),(2429,'Arroyo Ciego 1ra. Sección','R',15),(2430,'Yajalón Río Seco','R',15),(2431,'Cuauhtémoc Barreal','R',15),(2432,'Buena Vista 1ra. Sección','R',15),(2433,'Buenos Aires','R',15),(2434,'Caridad Guerrero','R',15),(2435,'Ceiba 1ra. Sección (Estación Ferrocarril)','R',15),(2436,'Ceibita 1ra. Sección','R',15),(2437,'Ceibita 2da. Sección','R',15),(2438,'Cerro Blanco 1ra. Sección','R',15),(2439,'Cerro Blanco 2da. Sección','R',15),(2440,'Cerro Blanco 3ra. Sección','R',15),(2441,'Cerro Blanco 4ta. Sección','R',15),(2442,'Cerro Blanco 5ta. Sección','R',15),(2443,'Cuitláhuac','R',15),(2444,'La Cumbre','R',15),(2445,'Cuviac','R',15),(2446,'La Raya 1ra. Sección (Dos Patrias)','R',15),(2447,'Graciano Sánchez','R',15),(2448,'Guayal','R',15),(2449,'Libertad','R',15),(2450,'El Limón','R',15),(2451,'Lomas Alegres 1ra. Sección','R',15),(2452,'Lomas Alegres 2da. Sección (Castañal)','R',15),(2453,'Francisco I. Madero 1ra. Sección','R',15),(2454,'Francisco I. Madero 2da. Sección','R',15),(2455,'Lázaro Cárdenas (Madrigal 3ra. Sección)','R',15),(2456,'Madrigal 4ta. Sección','R',15),(2457,'Madrigal 5ta. Sección','R',15),(2458,'Reforma (Madrigal 2da. Sección)','R',15),(2459,'Arroyo Seco Miraflores','R',15),(2460,'Noypac','R',15),(2461,'Oxolotán','R',15),(2462,'Palo Quemado','R',15),(2463,'Pasamonos','R',15),(2464,'Poaná','R',15),(2465,'Pochitocal 1ra. Sección (Tila y Toronjo)','R',15),(2466,'Pochitocal 2da. Sección','R',15),(2467,'Pochitocal 3ra. Sección','R',15),(2468,'Pochitocal 4ta. Sección (San Miguel Juárez)','R',15),(2469,'Pomoca','R',15),(2470,'Pomoquita','R',15),(2471,'Puyacatengo 1ra. Sección (Ceiba)','R',15),(2472,'Puyacatengo 2da. Sección (Ceiba)','R',15),(2473,'Puxcatán','R',15),(2474,'La Raya 1ra. Sección (Nava)','R',15),(2475,'La Raya Zaragoza','R',15),(2476,'San Manuel','R',15),(2477,'Santa Rosa 1ra. Sección','R',15),(2478,'Santa Rosa 2da. Sección (Estación Poaná)','R',15),(2479,'Tapijulapa','U',15),(2480,'Tomás Garrido Canabal','R',15),(2481,'Xicoténcatl','R',15),(2482,'Zunú y Patastal','R',15),(2483,'Nueva Esperanza','R',15),(2484,'Mexiquito','R',15),(2485,'Benito Juárez','R',15),(2486,'San Antonio Chichilte','R',15),(2487,'La Gloria','R',15),(2488,'San José del Porvenir','R',15),(2489,'Ceiba 2da. Sección (San Luis)','R',15),(2490,'Gran Poder','R',15),(2491,'Lomas Alegres 3ra. Sección (San Antonio)','R',15),(2492,'Morelia','R',15),(2493,'Rancho Nuevo','R',15),(2494,'San Lorenzo','R',15),(2495,'Agua Escondida','R',15),(2496,'Arroyo Chispa','R',15),(2497,'La Pila','R',15),(2498,'La Cuesta','R',15),(2499,'Emiliano Zapata','R',15),(2500,'División del Norte','R',15),(2501,'Nueva Reforma','R',15),(2502,'Pochitocal 1ra. Sección (La Palma)','R',15),(2503,'La Raya 2da. Sección (Santa Cruz)','R',15),(2504,'El Paraíso','R',15),(2505,'Villa Luz','R',15),(2506,'La Trinidad','R',15),(2507,'San Ramón','R',15),(2508,'Lomas Alegres 4ta. Sección (El Hular)','R',15),(2509,'La Esperanza','R',15),(2510,'Carlos A. Madrazo','R',15),(2511,'Roberto Madrazo Pintado','R',15),(2512,'Nuevo Madero','R',15),(2513,'Shotal','R',15),(2514,'Teapa','U',16),(2515,'Andrés Quintana Roo','R',16),(2516,'Andrés Quintana Roo 1ra. Sección','R',16),(2517,'Andrés Quintana Roo 2da. Sección','R',16),(2518,'Francisco Javier Mina (Argentina)','R',16),(2519,'Hermenegildo Galeana 1ra. Sección (Mexiquito)','R',16),(2520,'Hermenegildo Galeana 2da. Sección','R',16),(2521,'Ignacio Allende 2da. Sección','R',16),(2522,'Ignacio Allende 1ra. Sección','R',16),(2523,'Ignacio Allende 3ra. Sección','R',16),(2524,'Ignacio López Rayón 1ra. Sección','R',16),(2525,'Ignacio López Rayón 2da. Sección','R',16),(2526,'José María Morelos y Pavón 1ra. Sección','R',16),(2527,'José María Morelos y Pavón 2da. Sección','R',16),(2528,'Juan Aldama','R',16),(2529,'Manuel Buelta 2da. Sección','R',16),(2530,'Mariano Abasolo','R',16),(2531,'Mina y Matamoros (La Trinidad)','R',16),(2532,'Mariano Pedrero 1ra. Sección (La Providencia)','R',16),(2533,'Mariano Pedrero 2da. Sección','R',16),(2534,'Mariano Pedrero 3ra. Sección','R',16),(2535,'Miguel Hidalgo 1ra. Sección (Las Gardenias)','R',16),(2536,'Miguel Hidalgo 2da. Sección (Fco. Sarabia)','R',16),(2537,'Nicolás Bravo 2da. Sección','R',16),(2538,'Vicente Guerrero (Lerma)','R',16),(2539,'Juan Aldama 2da. Sección','R',16),(2540,'Hermenegildo Galeana','R',16),(2541,'San José Puyacatengo (Chapingo)','R',16),(2542,'Arcadio Zentella','R',16),(2543,'José María Morelos y Pavón (Juan Gómez)','R',16),(2544,'José María Morelos y Pavón (San Antonio las Ánimas)','R',16),(2545,'José María Morelos y Pavón (Las Delicias)','R',16),(2546,'Manuel Buelta y Rayón','R',16),(2547,'Vicente Guerrero (Las Nieves)','R',16),(2548,'Mina y Matamoros (San Pablo Tamborel)','R',16),(2549,'Ignacio Allende (Santa Cruz)','R',16),(2550,'José María Morelos y Pavón (Santa Rita)','R',16),(2551,'Mariano Abasolo (Santo Tomás)','R',16),(2552,'La Tejería','R',16),(2553,'Eureka y Belén','R',16),(2554,'Vicente Guerrero (Guanal)','R',16),(2555,'Chapultepec','R',16),(2556,'Piscifactoría José Narciso Rovirosa (Pesca)','R',16),(2557,'Calcinado','R',16),(2558,'Nicolás Bravo 1ra. Sección','R',16),(2559,'Colorado (Benito Juárez)','R',16),(2560,'Coconá','R',16),(2561,'Las Lilias','R',16),(2562,'Miguel Hidalgo 2da. Sección (Los Álamos)','R',16),(2563,'Mariano Abasolo (Abasolito)','R',16),(2564,'Centenario','R',16),(2565,'Colonia Municipal','R',16),(2566,'Miguel Hidalgo 2da. Sección (San Joaquín)','R',16),(2567,'San Antonio','R',16),(2568,'San José','R',16),(2569,'Vicente Guerrero (San Lorenzo)','R',16),(2570,'Santa Elena','R',16),(2571,'Tenosique de Pino Suárez','U',17),(2572,'Acatlipa','R',17),(2573,'Adolfo López Mateos','R',17),(2574,'Arena de Hidalgo','R',17),(2575,'El Bejucal','R',17),(2576,'Benito Juárez 1ra. Sección','R',17),(2577,'Benito Juárez','R',17),(2578,'Boca del Cerro','R',17),(2579,'Canitzán','R',17),(2580,'Centro Usumacinta','R',17),(2581,'José María Pino Suárez 2da. Sección','R',17),(2582,'Cortijo Nuevo 1ra. Sección','R',17),(2583,'Corregidora Ortiz de Domínguez','R',17),(2584,'Chaculjí','R',17),(2585,'Emiliano Zapata 1ra. Sección','R',17),(2586,'Emiliano Zapata 2da. Sección (El Carmen)','R',17),(2587,'Esperanza Norte (El Veinte)','R',17),(2588,'Estapilla','R',17),(2589,'Estapilla 2da. Sección','R',17),(2590,'El Faisán 1ra. Sección','R',17),(2591,'El Faisán 2da. Sección','R',17),(2592,'Francisco I. Madero Ríos','R',17),(2593,'Francisco Villa','R',17),(2594,'Guadalupe Victoria','R',17),(2595,'Guayacán','R',17),(2596,'Gregorio Méndez','R',17),(2597,'Hermenegildo Galeana','R',17),(2598,'Ignacio Zaragoza','R',17),(2599,'Independencia','R',17),(2600,'La Isla','R',17),(2601,'José María Pino Suárez 1ra. Sección','R',17),(2602,'El Manantial','R',17),(2603,'Miguel Hidalgo','R',17),(2604,'Tenosique 1ra. Sección (El Mool)','R',17),(2605,'Niños Héroes','R',17),(2606,'Nueva Esperanza','R',17),(2607,'Nuevo México','R',17),(2608,'La Palma','R',17),(2609,'Veinte de Noviembre','R',17),(2610,'El Palmar','R',17),(2611,'El Pedregal','R',17),(2612,'Pomoná 1ra. Sección','R',17),(2613,'Pomoná 2da. Sección','R',17),(2614,'Nuevo Progreso','R',17),(2615,'Rancho Grande','R',17),(2616,'El Recreo','R',17),(2617,'Redención del Campesino','R',17),(2618,'Reforma Agraria','R',17),(2619,'El Roblar','R',17),(2620,'San Isidro Guasiván','R',17),(2621,'San Isidro las Pozas','R',17),(2622,'Santa Cruz','R',17),(2623,'Santa Elena','R',17),(2624,'Santa Lucía','R',17),(2625,'Santa Rosa','R',17),(2626,'Santo Tomás','R',17),(2627,'Sueños de Oro','R',17),(2628,'Usumacinta','R',17),(2629,'Veteranos de la Revolución','R',17),(2630,'El Xotal 2da. Sección','R',17),(2631,'Los Rieles de San José','R',17),(2632,'San Marcos','R',17),(2633,'Javier Rojo Gómez','R',17),(2634,'Luis Echeverría Álvarez 1ra. Sección','R',17),(2635,'Ignacio Allende','R',17),(2636,'Álvaro Obregón','R',17),(2637,'La Estancia','R',17),(2638,'Francisco I. Madero Cortazar','R',17),(2639,'El Repasto','R',17),(2640,'San Francisco','R',17),(2641,'Emiliano Zapata 3ra. Sección (Los Cedros)','R',17),(2642,'Cortijo Nuevo 2da. Sección','R',17),(2643,'Buenavista','R',17),(2644,'Centenario del fallecimiento del Coronel Gregorio Méndez Magaña','R',17),(2645,'El Carmen','R',17),(2646,'El Cobá','R',17),(2647,'Buenos Aires (Cucufato)','R',17),(2648,'El Chivacal','R',17),(2649,'El Choncoy','R',17),(2650,'Chospac','R',17),(2651,'La Engorda','R',17),(2652,'La Florida','R',17),(2653,'Gracias de Dios','R',17),(2654,'El Guanal','R',17),(2655,'Bella Vista','R',17),(2656,'El Martillo','R',17),(2657,'Paso de la Sabana','R',17),(2658,'Pictum','R',17),(2659,'Piedra Santa','R',17),(2660,'Rancho Caído','R',17),(2661,'San Francisco','R',17),(2662,'El Pedregal','R',17),(2663,'La Última Lucha','R',17),(2664,'El Venado','R',17),(2665,'Ignacio Zaragoza','R',17),(2666,'San Carlos','R',17),(2667,'Cerro Norte','R',17),(2668,'Arena de Hidalgo','R',17),(2669,'Plan de San Antonio','R',17),(2670,'Chelena','R',17),(2671,'Icorsa','R',17),(2672,'Crisóforo Chiñas','R',17),(2673,'El Barí','R',17),(2674,'Dieciséis de Septiembre','R',17),(2675,'San Juan','R',17),(2676,'Diez de Mayo','R',17),(2677,'San Juan','R',17),(2678,'Eulogio Moreno','R',17),(2679,'Peor es Nada','R',17),(2680,'Santa Cruz','R',17),(2681,'El Mercebel','R',17),(2682,'Santa Cruz','R',17),(2683,'Las Tenazas','R',17),(2684,'Carlos Pellicer Cámara','R',17),(2685,'Nueva Jerusalén','R',17),(2686,'Reyes Morales','R',17),(2687,'San Miguel (Zetechen)','R',17),(2688,'Nuevo Mundo','R',17),(2689,'San Claudio','R',17),(2690,'San Juan de la Montaña','R',17),(2691,'La Argentina','R',17),(2692,'Tata Lázaro','R',17),(2693,'Luis Echeverría Álvarez 2da. Sección','R',17),(2694,'La Terminal','R',17),(2695,'Lucio Blanco','R',17),(2696,'El Faisán 3ra. Sección (Chiniquijá)','R',17),(2697,'El Copo','R',17),(2698,'Isla la Isla','R',17),(2699,'La Esperanza','R',17),(2700,'Cuatro Hermanos','R',17),(2701,'Benito Juárez 2da. Sección','R',17),(2702,'Torno Largo','R',17),(2703,'Punta de Montaña','R',17),(2704,'La Planada','R',17),(2705,'Canitzán 2da. Sección','R',17),(2706,'El Chorrito','R',17),(2707,'El Porvenir','R',17),(2708,'La Gloria','R',17),(2709,'Nueva Esperanza (Santa Isabel)','R',17),(2710,'El Pensamiento','R',17),(2711,'Pollo Solo','R',17),(2712,'El Xotal 1ra. Sección','R',17),(2713,'Certeza','R',17),(2714,'Nicolás Bravo','R',17),(2715,'Tata Lázaro de los Olivos','R',17),(2716,'San Pedro','R',17),(2717,'Ninguna','E',18);
/*!40000 ALTER TABLE `localidades` ENABLE KEYS */;
UNLOCK TABLES;

--
-- Table structure for table `mediciones`
--

DROP TABLE IF EXISTS `mediciones`;
/*!40101 SET @saved_cs_client     = @@character_set_client */;
/*!50503 SET character_set_client = utf8mb4 */;
CREATE TABLE `mediciones` (
  `medicion_id` int(11) NOT NULL AUTO_INCREMENT,
  `cve_medicion` varchar(10) CHARACTER SET utf8 COLLATE utf8_general_ci DEFAULT NULL,
  `descripcion` varchar(255) CHARACTER SET utf8 COLLATE utf8_general_ci DEFAULT NULL,
  `estatus` int(11) DEFAULT '1',
  PRIMARY KEY (`medicion_id`) USING BTREE
) ENGINE=InnoDB AUTO_INCREMENT=4 DEFAULT CHARSET=utf8 ROW_FORMAT=DYNAMIC;
/*!40101 SET character_set_client = @saved_cs_client */;

--
-- Dumping data for table `mediciones`
--

LOCK TABLES `mediciones` WRITE;
/*!40000 ALTER TABLE `mediciones` DISABLE KEYS */;
INSERT INTO `mediciones` VALUES (1,'A','Absoluto',1),(2,'B','Porcentaje',1),(3,'C','Promedio',1);
/*!40000 ALTER TABLE `mediciones` ENABLE KEYS */;
UNLOCK TABLES;

--
-- Table structure for table `medidas_seguridad`
--

DROP TABLE IF EXISTS `medidas_seguridad`;
/*!40101 SET @saved_cs_client     = @@character_set_client */;
/*!50503 SET character_set_client = utf8mb4 */;
CREATE TABLE `medidas_seguridad` (
  `medida_seguridad_id` int(11) NOT NULL AUTO_INCREMENT,
  `ejercicio` int(11) DEFAULT NULL,
  `descripcion` varchar(255) DEFAULT NULL,
  `implementado` int(11) DEFAULT NULL,
  `seccion` int(11) DEFAULT NULL,
  `incluido` int(11) DEFAULT NULL,
  PRIMARY KEY (`medida_seguridad_id`) USING BTREE
) ENGINE=InnoDB DEFAULT CHARSET=utf8;
/*!40101 SET character_set_client = @saved_cs_client */;

--
-- Dumping data for table `medidas_seguridad`
--

LOCK TABLES `medidas_seguridad` WRITE;
/*!40000 ALTER TABLE `medidas_seguridad` DISABLE KEYS */;
/*!40000 ALTER TABLE `medidas_seguridad` ENABLE KEYS */;
UNLOCK TABLES;

--
-- Table structure for table `menu`
--

DROP TABLE IF EXISTS `menu`;
/*!40101 SET @saved_cs_client     = @@character_set_client */;
/*!50503 SET character_set_client = utf8mb4 */;
CREATE TABLE `menu` (
  `menu_id` int(11) NOT NULL AUTO_INCREMENT,
  `menu` varchar(100) CHARACTER SET utf8 COLLATE utf8_general_ci NOT NULL COMMENT 'Nombre del menú. \nSe mostrará en las cintas de navegación.',
  `icono` varchar(45) CHARACTER SET utf8 COLLATE utf8_general_ci DEFAULT NULL COMMENT 'Icono a colocar antes del nombre. Este debe estar disponible para mostrar en el CSS o JS de la página.',
  `url` varchar(150) CHARACTER SET utf8 COLLATE utf8_general_ci DEFAULT NULL COMMENT 'Ruta de redirección, su comportamiento esta dado según el tipo_menu_id.',
  `tipo_menu_id` int(11) NOT NULL COMMENT 'Catálogo de tipos de menú',
  `submenu_id` int(11) DEFAULT NULL COMMENT 'Autorelación',
  `orden` float NOT NULL COMMENT 'Usado para el ordenamiendo o jerarquía de los botones',
  `fecha_creacion` timestamp NULL DEFAULT CURRENT_TIMESTAMP,
  `fecha_modificacion` timestamp NULL DEFAULT CURRENT_TIMESTAMP ON UPDATE CURRENT_TIMESTAMP,
  `estatus` int(11) DEFAULT '1' COMMENT '1 - Activado\n0 - Desactivado',
  PRIMARY KEY (`menu_id`) USING BTREE,
  KEY `fk_submenus_idx` (`submenu_id`) USING BTREE,
  KEY `fk_tipo_menu_idx` (`tipo_menu_id`) USING BTREE,
  CONSTRAINT `fk_submenus` FOREIGN KEY (`submenu_id`) REFERENCES `menu` (`menu_id`) ON DELETE RESTRICT ON UPDATE RESTRICT,
  CONSTRAINT `fk_tipo_menu` FOREIGN KEY (`tipo_menu_id`) REFERENCES `tipos_menu` (`tipo_menu_id`) ON DELETE RESTRICT ON UPDATE RESTRICT
) ENGINE=InnoDB AUTO_INCREMENT=13 DEFAULT CHARSET=utf8 ROW_FORMAT=DYNAMIC;
/*!40101 SET character_set_client = @saved_cs_client */;

--
-- Dumping data for table `menu`
--

LOCK TABLES `menu` WRITE;
/*!40000 ALTER TABLE `menu` DISABLE KEYS */;
INSERT INTO `menu` VALUES (1,'Tablero','fas fa-chart-pie','',1,NULL,1,'2021-03-10 01:32:29','2021-03-10 03:06:38',1),(2,'Actividades','far fa-calendar-alt','index.php/Actividades',1,NULL,3,'2021-03-10 01:32:29','2021-06-07 03:56:43',1),(3,'Acuerdos','far fa-handshake','index.php/Acuerdos',1,NULL,4,'2021-03-10 01:32:29','2021-06-07 03:56:43',1),(4,'Separador',NULL,'',5,NULL,5,'2021-03-10 01:32:29','2021-06-07 03:56:44',1),(5,'Configurador','fas fa-cogs',NULL,3,NULL,6,'2021-03-10 01:32:29','2021-06-07 03:56:44',1),(6,'Programas','fas fa-clipboard-list','index.php/Configurador/programas',1,5,6.2,'2021-03-10 01:32:29','2021-06-07 04:17:34',1),(7,'Usuarios','fas fa-user','index.php/Configurador/usuarios',1,5,6.3,'2021-03-24 17:32:14','2021-06-07 04:17:37',1),(8,'Preproyectos','fas fa-clipboard-list','index.php/Preproyectos',1,NULL,2,'2021-06-07 03:56:41','2021-06-07 03:56:41',1),(12,'Proyectos','fas fa-clipboard-list','index.php/Configurador/proyectos',1,5,6.1,'2021-06-07 04:17:31','2021-06-07 04:17:31',1);
/*!40000 ALTER TABLE `menu` ENABLE KEYS */;
UNLOCK TABLES;

--
-- Table structure for table `metas_objetivos`
--

DROP TABLE IF EXISTS `metas_objetivos`;
/*!40101 SET @saved_cs_client     = @@character_set_client */;
/*!50503 SET character_set_client = utf8mb4 */;
CREATE TABLE `metas_objetivos` (
  `meta_objetivo_id` int(11) NOT NULL AUTO_INCREMENT,
  `ejercicio` int(11) DEFAULT NULL,
  `objetivo` varchar(255) DEFAULT NULL,
  `metas` varchar(255) DEFAULT NULL,
  `fecha_inicio` datetime DEFAULT NULL,
  `fecha_termino` datetime DEFAULT NULL,
  `actividad_id` int(11) DEFAULT NULL,
  `localidad_id` int(11) DEFAULT NULL,
  `municipio_id` int(11) DEFAULT NULL,
  `cantidad_beneficiarios` int(11) DEFAULT NULL,
  `beneficiario_id` int(11) DEFAULT NULL,
  `inversion` float(11,2) DEFAULT NULL,
  `estatus_id` int(11) DEFAULT NULL,
  `url` varchar(255) DEFAULT NULL,
  `seccion` int(11) DEFAULT NULL,
  `incluido` int(11) DEFAULT NULL,
  PRIMARY KEY (`meta_objetivo_id`)
) ENGINE=InnoDB DEFAULT CHARSET=utf8;
/*!40101 SET character_set_client = @saved_cs_client */;

--
-- Dumping data for table `metas_objetivos`
--

LOCK TABLES `metas_objetivos` WRITE;
/*!40000 ALTER TABLE `metas_objetivos` DISABLE KEYS */;
/*!40000 ALTER TABLE `metas_objetivos` ENABLE KEYS */;
UNLOCK TABLES;

--
-- Table structure for table `municipios`
--

DROP TABLE IF EXISTS `municipios`;
/*!40101 SET @saved_cs_client     = @@character_set_client */;
/*!50503 SET character_set_client = utf8mb4 */;
CREATE TABLE `municipios` (
  `municipio_id` int(11) NOT NULL AUTO_INCREMENT,
  `descripcion` varchar(255) DEFAULT NULL,
  PRIMARY KEY (`municipio_id`)
) ENGINE=InnoDB AUTO_INCREMENT=19 DEFAULT CHARSET=utf8;
/*!40101 SET character_set_client = @saved_cs_client */;

--
-- Dumping data for table `municipios`
--

LOCK TABLES `municipios` WRITE;
/*!40000 ALTER TABLE `municipios` DISABLE KEYS */;
INSERT INTO `municipios` VALUES (1,'Balancán'),(2,'Cárdenas'),(3,'Centla'),(4,'Centro'),(5,'Comalcalco'),(6,'Cunduacán'),(7,'Emiliano Zapata'),(8,'Huimanguillo'),(9,'Jalapa'),(10,'Jalpa de Méndez'),(11,'Jonuta'),(12,'Macuspana'),(13,'Nacajuca'),(14,'Paraíso'),(15,'Tacotalpa'),(16,'Teapa'),(17,'Tenosique'),(18,'Ninguno');
/*!40000 ALTER TABLE `municipios` ENABLE KEYS */;
UNLOCK TABLES;

--
-- Table structure for table `objetivos_programas`
--

DROP TABLE IF EXISTS `objetivos_programas`;
/*!40101 SET @saved_cs_client     = @@character_set_client */;
/*!50503 SET character_set_client = utf8mb4 */;
CREATE TABLE `objetivos_programas` (
  `objetivo_programa_id` int(11) NOT NULL AUTO_INCREMENT,
  `cve_objetivo` varchar(20) CHARACTER SET utf8 COLLATE utf8_general_ci DEFAULT NULL,
  `descripcion` varchar(255) CHARACTER SET utf8 COLLATE utf8_general_ci DEFAULT NULL,
  `status` int(11) DEFAULT '1',
  `ejercicio` varchar(4) CHARACTER SET utf8 COLLATE utf8_general_ci DEFAULT NULL,
  PRIMARY KEY (`objetivo_programa_id`) USING BTREE
) ENGINE=InnoDB AUTO_INCREMENT=5 DEFAULT CHARSET=utf8 ROW_FORMAT=DYNAMIC;
/*!40101 SET character_set_client = @saved_cs_client */;

--
-- Dumping data for table `objetivos_programas`
--

LOCK TABLES `objetivos_programas` WRITE;
/*!40000 ALTER TABLE `objetivos_programas` DISABLE KEYS */;
INSERT INTO `objetivos_programas` VALUES (1,'2.19.8.1.','2.19.8.1. GARANTIZAR LA ESTABILIDAD Y SEGURIDAD FINANCIERA DEL INSTITUTO, PARA FORTALECER EL SISTEMA DE PRESTACIONES MÉDICAS, ECONÓMICAS, SOCIALES, CULTURALES Y DEPORTIVAS.',1,NULL),(2,'2.19.8.2.','2.19.8.2. MEJORAR EL SISTEMA DE SEGURIDAD SOCIAL DE LA CLASE TRABAJADORA DEL ESTADO DE TABASCO Y EN PARTICULAR DE LOS TRABAJADORES DEL ISSET PARA CONTRIBUIR EN LA VIDA DIGNA EN UN MARCO DE IGUALDAD DE OPORTUNIDADES.',1,NULL),(3,'2.19.8.3.','2.19.8.3. ESTABLECER UN ANÁLISIS DE PROCESOS DE ATENCIÓN MÉDICA, QUE PERMITA IDENTIFICAR LAS ÁREAS DE OPORTUNIDAD, QUE DETONEN EN UNA MAYOR CALIDAD EN EL SERVICIO DEL INSTITUTO.',1,NULL),(4,'2.19.8.4.','2.19.8.4. INCREMENTAR LA CAPACIDAD EN CAPITAL HUMANO, TÉCNICO Y FÍSICO DEL INSTITUTO, QUE CONTRIBUYAN EN UNA MAYOR CALIDAD EN EL SERVICIO MÉDICO EN BENEFICIO DE LOS DERECHOHABIENTES.',1,NULL);
/*!40000 ALTER TABLE `objetivos_programas` ENABLE KEYS */;
UNLOCK TABLES;

--
-- Table structure for table `preproyectos`
--

DROP TABLE IF EXISTS `preproyectos`;
/*!40101 SET @saved_cs_client     = @@character_set_client */;
/*!50503 SET character_set_client = utf8mb4 */;
CREATE TABLE `preproyectos` (
  `preproyecto_id` int(11) NOT NULL AUTO_INCREMENT,
  `linea_accion_id` int(11) DEFAULT NULL,
  `fecha_inicio` datetime DEFAULT NULL,
  `fecha_termino` datetime DEFAULT NULL,
  `actividad` varchar(255) DEFAULT NULL,
  `municipio_id` int(11) DEFAULT NULL,
  `localidad_id` int(11) DEFAULT NULL,
  `cantidad_beneficiarios` int(11) DEFAULT NULL,
  `inversion` float(11,2) DEFAULT NULL,
  `url` varchar(255) DEFAULT NULL,
  `seccion` int(11) DEFAULT NULL,
  `incluido` int(11) DEFAULT NULL,
  `estatus_id` int(11) DEFAULT NULL,
  `usuario_id` int(11) DEFAULT NULL,
  PRIMARY KEY (`preproyecto_id`)
) ENGINE=InnoDB DEFAULT CHARSET=utf8;
/*!40101 SET character_set_client = @saved_cs_client */;

--
-- Dumping data for table `preproyectos`
--

LOCK TABLES `preproyectos` WRITE;
/*!40000 ALTER TABLE `preproyectos` DISABLE KEYS */;
/*!40000 ALTER TABLE `preproyectos` ENABLE KEYS */;
UNLOCK TABLES;

--
-- Table structure for table `programas_presupuestarios`
--

DROP TABLE IF EXISTS `programas_presupuestarios`;
/*!40101 SET @saved_cs_client     = @@character_set_client */;
/*!50503 SET character_set_client = utf8mb4 */;
CREATE TABLE `programas_presupuestarios` (
  `programa_presupuestario_id` int(11) NOT NULL AUTO_INCREMENT,
  `cve_programa` varchar(20) CHARACTER SET utf8 COLLATE utf8_general_ci DEFAULT NULL,
  `nombre` varchar(255) DEFAULT NULL,
  `descripcion` text CHARACTER SET utf8 COLLATE utf8_general_ci,
  `objetivo` varchar(255) DEFAULT NULL,
  `status` int(11) DEFAULT '1',
  `techo_financiero` int(11) DEFAULT '0',
  `ejercicio` varchar(4) CHARACTER SET utf8 COLLATE utf8_general_ci DEFAULT NULL,
  PRIMARY KEY (`programa_presupuestario_id`) USING BTREE
) ENGINE=InnoDB AUTO_INCREMENT=9 DEFAULT CHARSET=utf8 ROW_FORMAT=DYNAMIC;
/*!40101 SET character_set_client = @saved_cs_client */;

--
-- Dumping data for table `programas_presupuestarios`
--

LOCK TABLES `programas_presupuestarios` WRITE;
/*!40000 ALTER TABLE `programas_presupuestarios` DISABLE KEYS */;
INSERT INTO `programas_presupuestarios` VALUES (1,'E058','Prestaciones médicas para la seguridad social.','Contempla el financiamiento de todos los servicios médicos que brinda el ISSET, incluyendo los programas sustantivos, los servicios auxiliares de diagnóstico, los auxiliares de tratamiento, los servicios personales, los servicios generales, la actualización y enseñanza del personal que interviene en la prestación de tales servicios','La población derechohabiente del ISSET accede a servicios médicos.',1,1,NULL),(2,'E059','Prestaciones sociales para los servidores públicos.','Considera el gasto que destina el ISSET, para prestar los servicios sociales, cultura, deporte y recreación, que la legislación otorga a los trabajadores del Estado, incluso el gasto en servicios personales, servicios generales y la dotación de material de apoyo administrativo.','Los derechohabientes del ISSET son beneficiados con las prestaciones sociales.',1,1,NULL),(3,'J001','Prestaciones económicas para los servidores públicos.','Incluye el gasto que el ISSET destina al pago de créditos, seguros y pensiones establecidos en la Ley de Seguridad Social del Estado de Tabasco, a favor de la población derechohabiente, así como la operación del programa.','Los derechohabientes del ISSET son beneficiados con las prestaciones económicas',1,1,NULL),(4,'K013','Tecnologías de la información y comunicación.','Modernizar la gestión administrativa y operativa de las unidades administrattivas y médicas con equipamiento tecnológico y procesos tecnológicos que permitan incrementar la calidad de los servicios.','',1,1,NULL),(5,'K015','Equipamiento para la gestión pública','Adquisición de mobiliario para las áreas administrativas','Adquisición de mobiliario para las áreas administrativas',1,1,NULL),(6,'K024','Equipamiento médico para la seguridad social.','Incluye el gasto para adquirir equipo, mobiliario e instrumental para la atención médica, así como para los servicios auxiliares de diagnóstico y para auxiliares de tratamiento en las unidades de atención médica del ISSET y el mantenimiento preventivo y correctivo.','Los  201 mil 498 derechohabientes del ISSET reciben una atención médica adecuada',1,1,NULL),(7,'K025','Infraestructura para la seguridad social.','Incluye las asignaciones presupuestales para crear, adecuar y mantener inmuebles que se inscriben en el patrimonio del ISSET.','Los servicios del ISSET se brindan en instalaciones adecuadas.',1,1,NULL),(8,'P022','Gestión para la seguridad social.','Contempla el presupuesto destinado a financiar las tareas de apoyo administrativo, el gasto de nómina, de equipamiento, la provisión de servicios generales e insumos para cumplir con dichas tareas. Incluye el equipamiento y los servicios generales para las prestaciones socioeconómicas.','',1,1,NULL);
/*!40000 ALTER TABLE `programas_presupuestarios` ENABLE KEYS */;
UNLOCK TABLES;

--
-- Table structure for table `proyectos_actividades`
--

DROP TABLE IF EXISTS `proyectos_actividades`;
/*!40101 SET @saved_cs_client     = @@character_set_client */;
/*!50503 SET character_set_client = utf8mb4 */;
CREATE TABLE `proyectos_actividades` (
  `proyecto_actividad_id` int(11) NOT NULL AUTO_INCREMENT,
  `combinacion_area_id` int(11) DEFAULT NULL,
  `programa_presupuestario_id` int(11) DEFAULT NULL,
  `objetivo_programa_id` int(11) DEFAULT NULL,
  `estrategia_programa_id` int(11) DEFAULT NULL,
  `linea_accion_id` int(11) DEFAULT NULL,
  `fuente_finaciamiento_id` int(11) NOT NULL,
  `objetivo_presupuestario_id` int(11) DEFAULT NULL,
  `fecha_creacion` datetime DEFAULT CURRENT_TIMESTAMP,
  `fecha_actualizacion` datetime DEFAULT CURRENT_TIMESTAMP ON UPDATE CURRENT_TIMESTAMP,
  `ejercicio` varchar(4) CHARACTER SET utf8 COLLATE utf8_general_ci DEFAULT NULL,
  `estatus` int(11) DEFAULT '1',
  `usuario_id` int(11) DEFAULT NULL,
  `secuencia_actividad` int(11) DEFAULT NULL,
  `preproyecto` int(11) DEFAULT '0',
  PRIMARY KEY (`proyecto_actividad_id`) USING BTREE,
  KEY `fuente_finaciamiento_id` (`fuente_finaciamiento_id`),
  KEY `estrategia_programa_id` (`estrategia_programa_id`),
  KEY `objetivo_institucional_id` (`objetivo_programa_id`),
  KEY `objetivo_presupuestario_id` (`objetivo_presupuestario_id`),
  KEY `programa_presupuestario_id` (`programa_presupuestario_id`),
  KEY `usuario_id` (`usuario_id`),
  KEY `linea_accion_id` (`linea_accion_id`),
  KEY `proyecto_ca` (`combinacion_area_id`),
  CONSTRAINT `proyecto_ca` FOREIGN KEY (`combinacion_area_id`) REFERENCES `combinaciones_areas` (`combinacion_area_id`),
  CONSTRAINT `proyectos_actividades_ibfk_2` FOREIGN KEY (`programa_presupuestario_id`) REFERENCES `programas_presupuestarios` (`programa_presupuestario_id`),
  CONSTRAINT `proyectos_actividades_ibfk_3` FOREIGN KEY (`usuario_id`) REFERENCES `usuarios` (`usuario_id`),
  CONSTRAINT `proyectos_actividades_ibfk_4` FOREIGN KEY (`linea_accion_id`) REFERENCES `lineas_accion` (`linea_accion_id`)
) ENGINE=InnoDB DEFAULT CHARSET=utf8 ROW_FORMAT=DYNAMIC;
/*!40101 SET character_set_client = @saved_cs_client */;

--
-- Dumping data for table `proyectos_actividades`
--

LOCK TABLES `proyectos_actividades` WRITE;
/*!40000 ALTER TABLE `proyectos_actividades` DISABLE KEYS */;
/*!40000 ALTER TABLE `proyectos_actividades` ENABLE KEYS */;
UNLOCK TABLES;

--
-- Temporary view structure for view `qry_calendario`
--

DROP TABLE IF EXISTS `qry_calendario`;
/*!50001 DROP VIEW IF EXISTS `qry_calendario`*/;
SET @saved_cs_client     = @@character_set_client;
/*!50503 SET character_set_client = utf8mb4 */;
/*!50001 CREATE VIEW `qry_calendario` AS SELECT 
 1 AS `mes`,
 1 AS `19`,
 1 AS `20`,
 1 AS `21`,
 1 AS `22`,
 1 AS `23`,
 1 AS `24`,
 1 AS `25`,
 1 AS `26`,
 1 AS `27`,
 1 AS `28`,
 1 AS `29`,
 1 AS `30`,
 1 AS `31`*/;
SET character_set_client = @saved_cs_client;

--
-- Table structure for table `resumenes`
--

DROP TABLE IF EXISTS `resumenes`;
/*!40101 SET @saved_cs_client     = @@character_set_client */;
/*!50503 SET character_set_client = utf8mb4 */;
CREATE TABLE `resumenes` (
  `resumen_id` int(11) NOT NULL AUTO_INCREMENT,
  `ejercicio` int(11) DEFAULT NULL,
  `combinacion_area_id` int(11) DEFAULT NULL,
  `mes` int(11) DEFAULT NULL,
  `narrativa` varchar(255) DEFAULT NULL,
  `comentario` varchar(255) DEFAULT NULL,
  `fecha_creacion` datetime DEFAULT CURRENT_TIMESTAMP,
  `fecha_actualizacion` datetime DEFAULT CURRENT_TIMESTAMP ON UPDATE CURRENT_TIMESTAMP,
  `usuario_id` int(11) DEFAULT NULL,
  `evidencia` varchar(255) DEFAULT NULL,
  `actividad_id` int(11) DEFAULT NULL,
  PRIMARY KEY (`resumen_id`),
  KEY `combinacion_area_id` (`combinacion_area_id`),
  KEY `usuario_id` (`usuario_id`),
  KEY `actividad_id` (`actividad_id`),
  CONSTRAINT `resumenes_ibfk_1` FOREIGN KEY (`combinacion_area_id`) REFERENCES `combinaciones_areas` (`combinacion_area_id`),
  CONSTRAINT `resumenes_ibfk_3` FOREIGN KEY (`usuario_id`) REFERENCES `usuarios` (`usuario_id`),
  CONSTRAINT `resumenes_ibfk_4` FOREIGN KEY (`actividad_id`) REFERENCES `actividades` (`actividad_id`)
) ENGINE=InnoDB DEFAULT CHARSET=utf8;
/*!40101 SET character_set_client = @saved_cs_client */;

--
-- Dumping data for table `resumenes`
--

LOCK TABLES `resumenes` WRITE;
/*!40000 ALTER TABLE `resumenes` DISABLE KEYS */;
/*!40000 ALTER TABLE `resumenes` ENABLE KEYS */;
UNLOCK TABLES;

--
-- Table structure for table `seguimientos_acuerdos`
--

DROP TABLE IF EXISTS `seguimientos_acuerdos`;
/*!40101 SET @saved_cs_client     = @@character_set_client */;
/*!50503 SET character_set_client = utf8mb4 */;
CREATE TABLE `seguimientos_acuerdos` (
  `seguimiento_acuerdo_id` int(11) NOT NULL AUTO_INCREMENT,
  `acuerdo_id` int(11) DEFAULT NULL,
  `folio` int(11) DEFAULT '1',
  `ejercicio` int(11) DEFAULT NULL,
  `seguimiento` text,
  `combinacion_area_id` int(11) DEFAULT NULL,
  `usuario_acuerda_id` int(11) DEFAULT NULL,
  `usuario_recibe_id` int(11) DEFAULT NULL,
  `archivo_anexo` varchar(255) DEFAULT NULL,
  `fecha_creacion` datetime DEFAULT CURRENT_TIMESTAMP,
  `fecha_actualizacion` datetime DEFAULT CURRENT_TIMESTAMP ON UPDATE CURRENT_TIMESTAMP,
  `estatus_acuerdo_id` int(11) DEFAULT NULL,
  PRIMARY KEY (`seguimiento_acuerdo_id`),
  KEY `acuerdo_id` (`acuerdo_id`),
  KEY `fk_estatus_acuerdos` (`estatus_acuerdo_id`),
  KEY `fk_combinacion_area_idx` (`combinacion_area_id`),
  CONSTRAINT `fk_combinacion_area_sa` FOREIGN KEY (`combinacion_area_id`) REFERENCES `combinaciones_areas` (`combinacion_area_id`),
  CONSTRAINT `fk_estatus_acuerdos` FOREIGN KEY (`estatus_acuerdo_id`) REFERENCES `estatus_acuerdos` (`estatus_acuerdo_id`),
  CONSTRAINT `seguimientos_acuerdos_ibfk_1` FOREIGN KEY (`acuerdo_id`) REFERENCES `acuerdos` (`acuerdo_id`)
) ENGINE=InnoDB DEFAULT CHARSET=utf8;
/*!40101 SET character_set_client = @saved_cs_client */;

--
-- Dumping data for table `seguimientos_acuerdos`
--

LOCK TABLES `seguimientos_acuerdos` WRITE;
/*!40000 ALTER TABLE `seguimientos_acuerdos` DISABLE KEYS */;
/*!40000 ALTER TABLE `seguimientos_acuerdos` ENABLE KEYS */;
UNLOCK TABLES;

--
-- Table structure for table `subdirecciones`
--

DROP TABLE IF EXISTS `subdirecciones`;
/*!40101 SET @saved_cs_client     = @@character_set_client */;
/*!50503 SET character_set_client = utf8mb4 */;
CREATE TABLE `subdirecciones` (
  `subdireccion_id` int(11) NOT NULL AUTO_INCREMENT,
  `cve_subdireccion` varchar(10) CHARACTER SET utf8 COLLATE utf8_general_ci DEFAULT NULL,
  `descripcion` varchar(255) CHARACTER SET utf8 COLLATE utf8_general_ci DEFAULT NULL,
  `estatus` int(11) DEFAULT '1',
  `direccion_id` int(11) DEFAULT NULL,
  PRIMARY KEY (`subdireccion_id`) USING BTREE,
  KEY `direccion_id` (`direccion_id`),
  CONSTRAINT `subdirecciones_ibfk_1` FOREIGN KEY (`direccion_id`) REFERENCES `direcciones` (`direccion_id`)
) ENGINE=InnoDB AUTO_INCREMENT=16 DEFAULT CHARSET=utf8 ROW_FORMAT=DYNAMIC;
/*!40101 SET character_set_client = @saved_cs_client */;

--
-- Dumping data for table `subdirecciones`
--

LOCK TABLES `subdirecciones` WRITE;
/*!40000 ALTER TABLE `subdirecciones` DISABLE KEYS */;
INSERT INTO `subdirecciones` VALUES (1,'00','NINGUNA',1,1),(2,'01','SUBDIRECCION DE AUDITORIA Y FISCALIZACION',1,3),(3,'01','SUBDIRECCIÓN DE ASUNTOS JURÍDICOS',1,4),(4,'01','SUBDIRECCIÓN DE FINANZAS',1,12),(5,'01','SUBDIRECCIÓN DE OBRAS, RECURSOS MATERIALES Y MANTENIMIENTO.',1,13),(6,'02','SUBDIRECCIÓN DE BIENES Y SERVICIOS GENERALES',1,13),(7,'03','SUBDIRECCIÓN DE RECURSOS HUMANOS',1,13),(8,'01','SUBDIRECCIÓN DE CULTURA, DEPORTE Y RECREACIÓN',1,14),(9,'02','SUBDIRECCIÓN DE PRESTACIONES ECONÓMICAS Y PENSIONES',1,14),(10,'03','SUBDIRECCIÓN DE SERVICIOS ASISTENCIALES',1,14),(11,'01','UNIDAD DE PRESTACIONES MÉDICAS',1,15),(12,'02','CENTRO DE ESPECIALIDADES MÉDICAS \"DR. JULIÁN A. MANZUR OCAÑA\"',1,15),(13,'03','COORDINACIÓN DE CENTROS REGIONALES',1,15),(14,'04','UNIDAD DE MEDICINA FAMILIAR CENTRO',1,15),(15,'01','SUBDIRECCIÓN DE SERVICIOS TECNOLÓGICOS Y MODERNIZACIÓN',1,16);
/*!40000 ALTER TABLE `subdirecciones` ENABLE KEYS */;
UNLOCK TABLES;

--
-- Table structure for table `subtipos`
--

DROP TABLE IF EXISTS `subtipos`;
/*!40101 SET @saved_cs_client     = @@character_set_client */;
/*!50503 SET character_set_client = utf8mb4 */;
CREATE TABLE `subtipos` (
  `subtipo_id` int(11) NOT NULL AUTO_INCREMENT,
  `descripcion` varchar(255) DEFAULT NULL,
  PRIMARY KEY (`subtipo_id`)
) ENGINE=InnoDB AUTO_INCREMENT=3 DEFAULT CHARSET=utf8;
/*!40101 SET character_set_client = @saved_cs_client */;

--
-- Dumping data for table `subtipos`
--

LOCK TABLES `subtipos` WRITE;
/*!40000 ALTER TABLE `subtipos` DISABLE KEYS */;
INSERT INTO `subtipos` VALUES (1,'PED Programa Estatal de Desarollo'),(2,'Derivado');
/*!40000 ALTER TABLE `subtipos` ENABLE KEYS */;
UNLOCK TABLES;

--
-- Table structure for table `temas`
--

DROP TABLE IF EXISTS `temas`;
/*!40101 SET @saved_cs_client     = @@character_set_client */;
/*!50503 SET character_set_client = utf8mb4 */;
CREATE TABLE `temas` (
  `tema_id` int(11) NOT NULL AUTO_INCREMENT,
  `cve_tema` varchar(10) CHARACTER SET utf8 COLLATE utf8_general_ci NOT NULL,
  `descripcion` varchar(255) CHARACTER SET utf8 COLLATE utf8_general_ci NOT NULL,
  `fecha_respuesta` int(11) NOT NULL,
  `fecha_modificacion` timestamp NULL DEFAULT CURRENT_TIMESTAMP ON UPDATE CURRENT_TIMESTAMP,
  `estatus` int(11) DEFAULT '1',
  PRIMARY KEY (`tema_id`)
) ENGINE=InnoDB AUTO_INCREMENT=10 DEFAULT CHARSET=utf8;
/*!40101 SET character_set_client = @saved_cs_client */;

--
-- Dumping data for table `temas`
--

LOCK TABLES `temas` WRITE;
/*!40000 ALTER TABLE `temas` DISABLE KEYS */;
INSERT INTO `temas` VALUES (1,'01','Manuales Normas Lineamientos',5,'2021-04-05 11:54:38',1),(2,'02','Reunión de Comité',7,'2021-04-05 11:54:38',1),(3,'03','Unidad Médica',2,'2021-04-05 11:54:38',1),(4,'04','Programa de Inversión',3,'2021-04-05 11:54:38',1),(5,'05','Quejas, Denuncias y Conciliaciones',1,'2021-04-05 11:54:38',1),(6,'06','Ley de Archivo',3,'2021-04-05 11:54:38',1),(7,'07','Gestión de Medios',1,'2021-04-05 11:54:38',1),(8,'08','Tecnologías',7,'2021-04-05 11:54:38',1),(9,'09','Obras e Infraestructura',10,'2021-04-06 05:24:11',1);
/*!40000 ALTER TABLE `temas` ENABLE KEYS */;
UNLOCK TABLES;

--
-- Table structure for table `tipo_acciones`
--

DROP TABLE IF EXISTS `tipo_acciones`;
/*!40101 SET @saved_cs_client     = @@character_set_client */;
/*!50503 SET character_set_client = utf8mb4 */;
CREATE TABLE `tipo_acciones` (
  `tipo_accion_id` int(11) NOT NULL AUTO_INCREMENT,
  `descripcion` varchar(255) DEFAULT NULL,
  PRIMARY KEY (`tipo_accion_id`)
) ENGINE=InnoDB AUTO_INCREMENT=3 DEFAULT CHARSET=utf8;
/*!40101 SET character_set_client = @saved_cs_client */;

--
-- Dumping data for table `tipo_acciones`
--

LOCK TABLES `tipo_acciones` WRITE;
/*!40000 ALTER TABLE `tipo_acciones` DISABLE KEYS */;
INSERT INTO `tipo_acciones` VALUES (1,'Programa'),(2,'Proyecto');
/*!40000 ALTER TABLE `tipo_acciones` ENABLE KEYS */;
UNLOCK TABLES;

--
-- Table structure for table `tipos_menu`
--

DROP TABLE IF EXISTS `tipos_menu`;
/*!40101 SET @saved_cs_client     = @@character_set_client */;
/*!50503 SET character_set_client = utf8mb4 */;
CREATE TABLE `tipos_menu` (
  `tipo_menu_id` int(11) NOT NULL AUTO_INCREMENT,
  `tipo_menu` varchar(45) CHARACTER SET utf8 COLLATE utf8_general_ci NOT NULL COMMENT 'Nombre de tipo de menú',
  `clave` varchar(5) CHARACTER SET utf8 COLLATE utf8_general_ci NOT NULL COMMENT 'Nombre clave para facilitar su acceso en código.',
  `descripcion` varchar(100) CHARACTER SET utf8 COLLATE utf8_general_ci DEFAULT NULL COMMENT 'Definición de su comportamiento',
  `fecha_creacion` timestamp NULL DEFAULT CURRENT_TIMESTAMP,
  `estatus` int(11) DEFAULT '1' COMMENT '1 - Activar\n0 - Desactivar',
  PRIMARY KEY (`tipo_menu_id`) USING BTREE
) ENGINE=InnoDB AUTO_INCREMENT=6 DEFAULT CHARSET=utf8 ROW_FORMAT=DYNAMIC COMMENT='Catálogo de tipos de menú para controlar su comportamiento en sistema.';
/*!40101 SET character_set_client = @saved_cs_client */;

--
-- Dumping data for table `tipos_menu`
--

LOCK TABLES `tipos_menu` WRITE;
/*!40000 ALTER TABLE `tipos_menu` DISABLE KEYS */;
INSERT INTO `tipos_menu` VALUES (1,'Enlace local','EL','Enlace local, utilizará la estructura de base_url','2021-03-09 04:00:08',1),(2,'Enlace externo','EE','Cualquier dirección no administrada por la WebApp','2021-03-09 04:00:08',1),(3,'Submenú','SM','Activa un submenú de opciones','2021-03-09 04:00:08',1),(4,'Accion personalizada','AP','Funciona directamente con JS','2021-03-09 04:00:08',1),(5,'Separador','SP','Separador del menú','2021-03-10 01:24:40',1);
/*!40000 ALTER TABLE `tipos_menu` ENABLE KEYS */;
UNLOCK TABLES;

--
-- Table structure for table `tipos_usuario`
--

DROP TABLE IF EXISTS `tipos_usuario`;
/*!40101 SET @saved_cs_client     = @@character_set_client */;
/*!50503 SET character_set_client = utf8mb4 */;
CREATE TABLE `tipos_usuario` (
  `tipo_usuario_id` int(11) NOT NULL AUTO_INCREMENT,
  `descripcion` varchar(255) DEFAULT NULL,
  `nivel` int(11) DEFAULT NULL,
  `estatus` int(11) DEFAULT '1',
  PRIMARY KEY (`tipo_usuario_id`)
) ENGINE=InnoDB AUTO_INCREMENT=4 DEFAULT CHARSET=utf8;
/*!40101 SET character_set_client = @saved_cs_client */;

--
-- Dumping data for table `tipos_usuario`
--

LOCK TABLES `tipos_usuario` WRITE;
/*!40000 ALTER TABLE `tipos_usuario` DISABLE KEYS */;
INSERT INTO `tipos_usuario` VALUES (1,'Administrador',1,1),(2,'Usuario de Consulta ',2,1),(3,'Usuario Estandar',3,1);
/*!40000 ALTER TABLE `tipos_usuario` ENABLE KEYS */;
UNLOCK TABLES;

--
-- Table structure for table `titulos`
--

DROP TABLE IF EXISTS `titulos`;
/*!40101 SET @saved_cs_client     = @@character_set_client */;
/*!50503 SET character_set_client = utf8mb4 */;
CREATE TABLE `titulos` (
  `titulo_id` int(11) NOT NULL AUTO_INCREMENT,
  `alias` varchar(255) DEFAULT NULL,
  `descripcion` varchar(255) DEFAULT NULL,
  `status` int(11) DEFAULT '1',
  PRIMARY KEY (`titulo_id`)
) ENGINE=InnoDB AUTO_INCREMENT=5 DEFAULT CHARSET=utf8;
/*!40101 SET character_set_client = @saved_cs_client */;

--
-- Dumping data for table `titulos`
--

LOCK TABLES `titulos` WRITE;
/*!40000 ALTER TABLE `titulos` DISABLE KEYS */;
INSERT INTO `titulos` VALUES (1,'ING','Ingeniero(a)',1),(2,'LIC','Licenciado(a)',1),(3,'MTRO','Maestro(a)',1),(4,'DR','Doctor(a)',1);
/*!40000 ALTER TABLE `titulos` ENABLE KEYS */;
UNLOCK TABLES;

--
-- Table structure for table `umbrales`
--

DROP TABLE IF EXISTS `umbrales`;
/*!40101 SET @saved_cs_client     = @@character_set_client */;
/*!50503 SET character_set_client = utf8mb4 */;
CREATE TABLE `umbrales` (
  `umbral_id` int(11) NOT NULL AUTO_INCREMENT,
  `cve_umbral` varchar(10) DEFAULT NULL,
  `limite_aceptable_inf` float(11,2) DEFAULT NULL,
  `limite_aceptable_sup` float(11,2) DEFAULT NULL,
  `limite_riesgo_inf` float(11,2) DEFAULT NULL,
  `limite_riesgo_sup` float(11,2) DEFAULT NULL,
  `limite_critico_inf` float(11,2) DEFAULT NULL,
  `limite_critico_sup` float(11,2) DEFAULT NULL,
  PRIMARY KEY (`umbral_id`)
) ENGINE=InnoDB AUTO_INCREMENT=4 DEFAULT CHARSET=utf8;
/*!40101 SET character_set_client = @saved_cs_client */;

--
-- Dumping data for table `umbrales`
--

LOCK TABLES `umbrales` WRITE;
/*!40000 ALTER TABLE `umbrales` DISABLE KEYS */;
INSERT INTO `umbrales` VALUES (1,'A',95.00,105.00,70.00,94.99,70.00,105.00),(2,'B',90.00,100.00,70.00,89.99,70.00,100.00),(3,'C',85.00,100.00,70.00,84.99,70.00,100.00);
/*!40000 ALTER TABLE `umbrales` ENABLE KEYS */;
UNLOCK TABLES;

--
-- Table structure for table `unidades_medida`
--

DROP TABLE IF EXISTS `unidades_medida`;
/*!40101 SET @saved_cs_client     = @@character_set_client */;
/*!50503 SET character_set_client = utf8mb4 */;
CREATE TABLE `unidades_medida` (
  `unidad_medida_id` int(11) NOT NULL AUTO_INCREMENT,
  `cve_medida` varchar(10) CHARACTER SET utf8 COLLATE utf8_general_ci DEFAULT NULL,
  `descripcion` varchar(255) CHARACTER SET utf8 COLLATE utf8_general_ci DEFAULT NULL,
  `estatus` int(11) DEFAULT '1',
  PRIMARY KEY (`unidad_medida_id`) USING BTREE
) ENGINE=InnoDB AUTO_INCREMENT=154 DEFAULT CHARSET=utf8 ROW_FORMAT=DYNAMIC;
/*!40101 SET character_set_client = @saved_cs_client */;

--
-- Dumping data for table `unidades_medida`
--

LOCK TABLES `unidades_medida` WRITE;
/*!40000 ALTER TABLE `unidades_medida` DISABLE KEYS */;
INSERT INTO `unidades_medida` VALUES (1,'CU13','Curso',1),(2,'DE46','Deposito',1),(3,'DE20','Derechohabiente',1),(4,'DE47','Desayunador',1),(5,'DE48','Desayuno',1),(6,'DE41','Despensas (Dotación)',1),(7,'DE52','Detección',1),(8,'DI24','Diagnóstico',1),(9,'DI25','Dictamen',1),(10,'DI26','Dirección',1),(11,'DI27','Disponibilidad',1),(12,'DO32','Documento',1),(13,'DO22','Donación',1),(14,'DO34','Dosis',1),(15,'ED61','Edificio',1),(16,'EG11','Egresos Hospitalarios',1),(17,'EJ01','Ejemplar',1),(18,'EM03','Empleo',1),(19,'EN12','Encuesta',1),(20,'EQ01','Equipamiento',1),(21,'ED25','Equipos de Cómputo (Adquisición)',1),(22,'ED27','Equipos de Cómputo (Mantenimiento)',1),(23,'ED29','Equipos Médicos y de Laboratorio (Adquisición)',1),(24,'ED31','Equipos Médicos y de Laboratorio (Mantenimiento)',1),(25,'ES81','Establecimiento',1),(26,'ES89','Estudio',1),(27,'ES90','Estudio Complementario',1),(28,'ES91','Estudio de Detección de Enfermedad Terminal',1),(29,'ES92','Estudio de Factibilidad',1),(30,'ES93','Estudio Epidemiológico',1),(31,'ES51','Estudios de Detección de Enfermedades Terminales',1),(32,'ES55','Estudios Socioeconómicos',1),(33,'ES53','Estudios y Proyectos Ejecutivos',1),(34,'EV30','Evaluación',1),(35,'ET47','Evaluación de Proyectos',1),(36,'ET45','Evaluaciones de Unidades de Salud',1),(37,'EV31','Evento',1),(38,'EX12','Examen',1),(39,'EX13','Expediente',1),(40,'FA14','Familia',1),(41,'FO15','Foro',1),(42,'GA13','Gasto',1),(43,'GA14','Gasto Administración',1),(44,'GE11','Gestión',1),(45,'GR14','Grupo',1),(46,'GU11','Grupos Comunitarios (Integración)',1),(47,'HB11','Habitante Beneficiado',1),(48,'HB14','Habitantes',1),(49,'HO17','Hora',1),(50,'HO18','Hospital',1),(51,'IN21','Infantes Beneficiados',1),(52,'IN64','Informe',1),(53,'IN65','Informe de Evaluación',1),(54,'IN66','Informe de Resultados',1),(55,'IN67','Informe Técnico',1),(56,'IN28','Informes de Actividades Administrativas',1),(57,'IN72','Inmueble',1),(58,'IN74','Inspección',1),(59,'IN76','Institución',1),(60,'IN31','Instrumental Médico (Adquisición)',1),(61,'IN77','Instrumento',1),(62,'IN78','Insumo',1),(63,'IN40','Investigaciones Médicas',1),(64,'IN41','Investigaciones Tecnológicas',1),(65,'JO13','Jornadas de Desarrollo Integral',1),(66,'JO11','Jornadas Médicas',1),(67,'JO16','Jóvenes',1),(68,'KG14','Kilogramo',1),(69,'KT11','Kit',1),(70,'LA32','Laboratorio',1),(71,'LC14','Licencia',1),(72,'LC13','Licencias de Software (Actualización)',1),(73,'LC11','Licencias de Software (Adquisición)',1),(74,'LT11','Litro',1),(75,'LO13','Lote',1),(76,'MA52','Mantenimiento',1),(77,'MA54','Manual',1),(78,'ME27','Medicamento',1),(79,'ME25','Medicamentos, Materiales de Curación y Reactivos de Laboratorio',1),(80,'ME11','Mensajes de Salud',1),(81,'ME32','Mes',1),(82,'MT12','Metro Lineal',1),(83,'MI11','Miembro',1),(84,'MO38','Mobiliario',1),(85,'MO11','Mobiliario y Equipos de Oficina (Adquisición)',1),(86,'MO13','Mobiliario y Equipos de Oficina (Mantenimiento)',1),(87,'MO41','Módulo',1),(88,'MO46','Monitoreo',1),(89,'MU37','Muestra',1),(90,'MU35','Muestras Citológicas',1),(91,'MU36','Muestras Sanitarias',1),(92,'MU38','Mujer',1),(93,'MU41','Municipio',1),(94,'OB17','Obra',1),(95,'OF11','Oficina',1),(96,'PA74','Paciente',1),(97,'PA75','Pago',1),(98,'PA17','Pago de Adeudo O Pasivo',1),(99,'PA15','Pago de Impuesto Predial',1),(100,'PA76','Paquete',1),(101,'PA92','Parto',1),(102,'PA31','Partos Atendidos',1),(103,'PE24','Persona',1),(104,'PE14','Personal Capacitado',1),(105,'PE13','Personal de Salud Beneficiada',1),(106,'PE30','Personas Afiliadas',1),(107,'PE29','Pesos',1),(108,'PL52','Plan',1),(109,'PL35','Pláticas de Salud',1),(110,'PO43','Población Participante',1),(111,'PR37','Prestación',1),(112,'PR33','Procedimientos Anestésicos',1),(113,'PR31','Procedimientos Médicos',1),(114,'PR42','Proceso',1),(115,'PR46','Programa',1),(116,'PR53','Proyecto',1),(117,'PR54','Prueba',1),(118,'PR55','Prueba de Laboratorio',1),(119,'PR56','Prueba de Riesgo Sanitario',1),(120,'PU12','Publicación',1),(121,'PU11','Publicaciones Científicas',1),(122,'QU11','Queja',1),(123,'RA12','Ración',1),(124,'RA11','Raciones Alimenticias',1),(125,'RE11','Regulaciones Sanitarias',1),(126,'RE21','Revistas Publicadas',1),(127,'SE49','Seminario',1),(128,'SE50','Servicio',1),(129,'SE21','Servicios Informáticos',1),(130,'SO17','Software',1),(131,'SO18','Solicitud',1),(132,'SU28','Suministro',1),(133,'TA14','Taller',1),(134,'TO50','Toma',1),(135,'TO13','Toneladas de Reactivos (Adquisición)',1),(136,'TR26','Trabajador',1),(137,'TR27','Trabajo de Investigación',1),(138,'TR28','Trámite',1),(139,'TR30','Traslado',1),(140,'TR31','Tratamiento',1),(141,'TR25','Tratamientos Oncológicos',1),(142,'UN32','Unidad',1),(143,'UN37','Unidad Médica',1),(144,'UN12','Unidad Regional en Operación',1),(145,'UN11','Unidades Responsables Atendidas',1),(146,'US11','Usuario',1),(147,'VA12','Vacuna',1),(148,'VA13','Vacunación de Niños y Niñas con Esquema Completo',1),(149,'VA11','Vacunas a Aplicar',1),(150,'VE11','Vehículos (Adquisición)',1),(151,'VE13','Vehículos (Mantenimiento)',1),(152,'VE35','Verificaciones Sanitarias',1),(153,'VG11','Vigilancias Epidemiológicas',1);
/*!40000 ALTER TABLE `unidades_medida` ENABLE KEYS */;
UNLOCK TABLES;

--
-- Table structure for table `usuarios`
--

DROP TABLE IF EXISTS `usuarios`;
/*!40101 SET @saved_cs_client     = @@character_set_client */;
/*!50503 SET character_set_client = utf8mb4 */;
CREATE TABLE `usuarios` (
  `usuario_id` int(11) NOT NULL AUTO_INCREMENT,
  `cve_cuenta` varchar(10) CHARACTER SET utf8 COLLATE utf8_general_ci DEFAULT NULL,
  `combinacion_area_id` int(11) DEFAULT NULL,
  `nombres` varchar(80) CHARACTER SET utf8 COLLATE utf8_general_ci DEFAULT NULL,
  `primer_apellido` varchar(80) CHARACTER SET utf8 COLLATE utf8_general_ci DEFAULT NULL,
  `segundo_apellido` varchar(80) CHARACTER SET utf8 COLLATE utf8_general_ci DEFAULT NULL,
  `sexo` varchar(1) DEFAULT NULL,
  `telefono` varchar(255) CHARACTER SET utf8 COLLATE utf8_general_ci DEFAULT NULL,
  `correo` varchar(255) CHARACTER SET utf8 COLLATE utf8_general_ci DEFAULT NULL,
  `usuario` varchar(255) DEFAULT NULL,
  `contrasena` varchar(255) DEFAULT NULL,
  `estatus` int(11) DEFAULT '1',
  `ip` varchar(255) DEFAULT NULL,
  `navegador` varchar(255) DEFAULT NULL,
  `ultima_conexion` varchar(255) DEFAULT NULL,
  `tipo_usuario_id` int(11) DEFAULT NULL,
  `bloqueado` int(11) DEFAULT '0',
  `categoria_id` int(11) DEFAULT NULL,
  `cargo_id` int(11) DEFAULT NULL,
  `titulo_id` int(11) DEFAULT NULL,
  `fecha_creacion` timestamp(6) NULL DEFAULT CURRENT_TIMESTAMP(6),
  `fecha_actualizacion` timestamp(6) NULL DEFAULT CURRENT_TIMESTAMP(6) ON UPDATE CURRENT_TIMESTAMP(6),
  PRIMARY KEY (`usuario_id`),
  KEY `tipo_usuario_id` (`tipo_usuario_id`),
  KEY `titulo_id` (`titulo_id`),
  KEY `cargo_id` (`cargo_id`),
  CONSTRAINT `usuarios_ibfk_1` FOREIGN KEY (`titulo_id`) REFERENCES `titulos` (`titulo_id`),
  CONSTRAINT `usuarios_ibfk_2` FOREIGN KEY (`cargo_id`) REFERENCES `cargos` (`cargo_id`)
) ENGINE=InnoDB AUTO_INCREMENT=9 DEFAULT CHARSET=utf8;
/*!40101 SET character_set_client = @saved_cs_client */;

--
-- Dumping data for table `usuarios`
--

LOCK TABLES `usuarios` WRITE;
/*!40000 ALTER TABLE `usuarios` DISABLE KEYS */;
INSERT INTO `usuarios` VALUES (1,'114086',47,'MARCO ANTONIO','GONZALEZ','AGUIRRE','H','99331528787','correo1@gmail.com','114086','$2y$10$lzkbXMp4Fktqcr2.s8JGluTj7/MXiKZ4PAb9lX3cityAv7G1amaaO',1,NULL,NULL,NULL,1,0,1,1,1,'2021-03-13 16:28:13.789328','2021-04-07 04:04:14.233158'),(2,'208478',47,'ARCENIO','LANESTOSA','ALAMILLA','H','9931234567','correo2@gmail.com','208478','$2y$10$lzkbXMp4Fktqcr2.s8JGluTj7/MXiKZ4PAb9lX3cityAv7G1amaaO',1,NULL,NULL,NULL,2,0,1,1,1,'2021-03-13 16:28:13.797424','2021-03-24 17:30:37.612034'),(3,'170224',11,'DORA','FERRER','GONZALEZ','M','9937654321','correo3@gmail.com','170224','$2y$10$lzkbXMp4Fktqcr2.s8JGluTj7/MXiKZ4PAb9lX3cityAv7G1amaaO',1,NULL,NULL,NULL,2,0,1,1,1,'2021-03-13 16:28:13.801952','2021-03-24 17:30:43.210921'),(4,'101010',1,'JOSE','BOUREGARD','SOLIS','H','9937654321','correo4@gmail.com','101010','$2y$10$lzkbXMp4Fktqcr2.s8JGluTj7/MXiKZ4PAb9lX3cityAv7G1amaaO',1,NULL,NULL,NULL,2,0,1,1,1,'2021-03-13 16:28:13.808455','2021-03-24 17:30:47.759143'),(5,'100000',35,'TEMPORAL','PRUEBAS','TEST','H','9937654321','correo1@gmail.com','100000','$2y$10$lzkbXMp4Fktqcr2.s8JGluTj7/MXiKZ4PAb9lX3cityAv7G1amaaO',1,NULL,NULL,NULL,3,0,1,1,1,'2021-03-24 17:04:07.983437','2021-03-24 17:31:51.468418'),(6,'100001',55,'TEMPORAL 2','TEST','PRUEBAS','M','9937654321','correo2@gmail.com','100001','$2y$10$lzkbXMp4Fktqcr2.s8JGluTj7/MXiKZ4PAb9lX3cityAv7G1amaaO',1,NULL,NULL,NULL,3,0,1,1,1,'2021-03-24 17:04:07.989740','2021-03-24 17:31:51.536115'),(7,'100002',85,'TEMPORAL 3','TESTER','CAPTURAS','H','9937654321','correo3@gmail.com','100002','$2y$10$lzkbXMp4Fktqcr2.s8JGluTj7/MXiKZ4PAb9lX3cityAv7G1amaaO',1,NULL,NULL,NULL,3,0,1,1,1,'2021-03-24 17:04:07.990260','2021-03-24 17:31:54.895863'),(8,'100003',105,'TEMPORAL 4','TEMPORAL','TEMP TEST','M','9937654321','correo4@gmail.com','100003','$2y$10$lzkbXMp4Fktqcr2.s8JGluTj7/MXiKZ4PAb9lX3cityAv7G1amaaO',1,NULL,NULL,NULL,3,0,1,1,1,'2021-03-24 17:23:44.580653','2021-03-24 17:31:54.939134');
/*!40000 ALTER TABLE `usuarios` ENABLE KEYS */;
UNLOCK TABLES;

--
-- Temporary view structure for view `vw_acuerdos`
--

DROP TABLE IF EXISTS `vw_acuerdos`;
/*!50001 DROP VIEW IF EXISTS `vw_acuerdos`*/;
SET @saved_cs_client     = @@character_set_client;
/*!50503 SET character_set_client = utf8mb4 */;
/*!50001 CREATE VIEW `vw_acuerdos` AS SELECT 
 1 AS `acuerdo_id`,
 1 AS `asunto`,
 1 AS `combinacion_area_acuerdo_id`,
 1 AS `cve_direccion_acuerdo`,
 1 AS `direccion_acuerdo`,
 1 AS `cve_subdireccion_acuerdo`,
 1 AS `subdireccion_acuerdo`,
 1 AS `cve_departamento_acuerdo`,
 1 AS `departamento_acuerdo`,
 1 AS `cve_area_acuerdo`,
 1 AS `area_acuerdo`,
 1 AS `direccion_id_acuerdo`,
 1 AS `subdireccion_id_acuerdo`,
 1 AS `departamento_id_acuerdo`,
 1 AS `area_id_acuerdo`,
 1 AS `estatus`,
 1 AS `ejercicio_acuerdo`,
 1 AS `fecha_creacion_acuerdo`,
 1 AS `fecha_actualizacion_acuerdo`,
 1 AS `usuario_registra_id`,
 1 AS `cve_direccion_usuario`,
 1 AS `direccion_usuario`,
 1 AS `cve_subdireccion_usuario`,
 1 AS `subdireccion_usuario`,
 1 AS `cve_departamento_usuario`,
 1 AS `departamento_usuario`,
 1 AS `cve_area_usuario`,
 1 AS `area_usuario`,
 1 AS `nombres_usuario`,
 1 AS `primer_apellido_usuario`,
 1 AS `segundo_apellido_usuario`,
 1 AS `cve_cuenta_usuario`,
 1 AS `direccion_usuario_id`,
 1 AS `subdireccion_usuario_id`,
 1 AS `departamento_usuario_id`,
 1 AS `area_usuario_id`,
 1 AS `tema_id`,
 1 AS `tema`,
 1 AS `fecha_respuesta`*/;
SET character_set_client = @saved_cs_client;

--
-- Temporary view structure for view `vw_areas`
--

DROP TABLE IF EXISTS `vw_areas`;
/*!50001 DROP VIEW IF EXISTS `vw_areas`*/;
SET @saved_cs_client     = @@character_set_client;
/*!50503 SET character_set_client = utf8mb4 */;
/*!50001 CREATE VIEW `vw_areas` AS SELECT 
 1 AS `cve_area`,
 1 AS `area`,
 1 AS `cve_departamento`,
 1 AS `departamento`,
 1 AS `cve_subdireccion`,
 1 AS `subdireccion`,
 1 AS `cve_direccion`,
 1 AS `direccion`,
 1 AS `area_id`,
 1 AS `departamento_id`,
 1 AS `subdireccion_id`,
 1 AS `direccion_id`*/;
SET character_set_client = @saved_cs_client;

--
-- Temporary view structure for view `vw_departamentos`
--

DROP TABLE IF EXISTS `vw_departamentos`;
/*!50001 DROP VIEW IF EXISTS `vw_departamentos`*/;
SET @saved_cs_client     = @@character_set_client;
/*!50503 SET character_set_client = utf8mb4 */;
/*!50001 CREATE VIEW `vw_departamentos` AS SELECT 
 1 AS `cve_direccion`,
 1 AS `direccion`,
 1 AS `cve_subdireccion`,
 1 AS `subdireccion`,
 1 AS `cve_departamento`,
 1 AS `departamento`,
 1 AS `direccion_id`,
 1 AS `subdireccion_id`,
 1 AS `departamento_id`*/;
SET character_set_client = @saved_cs_client;

--
-- Temporary view structure for view `vw_direcciones_dptos_todos`
--

DROP TABLE IF EXISTS `vw_direcciones_dptos_todos`;
/*!50001 DROP VIEW IF EXISTS `vw_direcciones_dptos_todos`*/;
SET @saved_cs_client     = @@character_set_client;
/*!50503 SET character_set_client = utf8mb4 */;
/*!50001 CREATE VIEW `vw_direcciones_dptos_todos` AS SELECT 
 1 AS `combinacion_area_id`,
 1 AS `direccion_id`,
 1 AS `subdireccion_id`,
 1 AS `departamento_id`,
 1 AS `area_id`,
 1 AS `cve_direccion`,
 1 AS `direccion`,
 1 AS `cve_subdireccion`,
 1 AS `subdireccion`,
 1 AS `cve_departamento`,
 1 AS `departamento`,
 1 AS `cve_area`,
 1 AS `area`*/;
SET character_set_client = @saved_cs_client;

--
-- Temporary view structure for view `vw_linea_accion`
--

DROP TABLE IF EXISTS `vw_linea_accion`;
/*!50001 DROP VIEW IF EXISTS `vw_linea_accion`*/;
SET @saved_cs_client     = @@character_set_client;
/*!50503 SET character_set_client = utf8mb4 */;
/*!50001 CREATE VIEW `vw_linea_accion` AS SELECT 
 1 AS `linea_accion_id`,
 1 AS `linea_accion`,
 1 AS `cve_objetivo`,
 1 AS `objetivo_programa`,
 1 AS `estrategia_programa`,
 1 AS `objetivo_programa_id`,
 1 AS `estrategia_programa_id`,
 1 AS `ejercicio`,
 1 AS `estatus`*/;
SET character_set_client = @saved_cs_client;

--
-- Temporary view structure for view `vw_localidades`
--

DROP TABLE IF EXISTS `vw_localidades`;
/*!50001 DROP VIEW IF EXISTS `vw_localidades`*/;
SET @saved_cs_client     = @@character_set_client;
/*!50503 SET character_set_client = utf8mb4 */;
/*!50001 CREATE VIEW `vw_localidades` AS SELECT 
 1 AS `localidad_id`,
 1 AS `localidad`,
 1 AS `ambito`,
 1 AS `municipio_id`,
 1 AS `municipio`*/;
SET character_set_client = @saved_cs_client;

--
-- Temporary view structure for view `vw_menu`
--

DROP TABLE IF EXISTS `vw_menu`;
/*!50001 DROP VIEW IF EXISTS `vw_menu`*/;
SET @saved_cs_client     = @@character_set_client;
/*!50503 SET character_set_client = utf8mb4 */;
/*!50001 CREATE VIEW `vw_menu` AS SELECT 
 1 AS `menu_id`,
 1 AS `menu`,
 1 AS `icono`,
 1 AS `url`,
 1 AS `tipo_menu_id`,
 1 AS `tipo_menu`,
 1 AS `clave`,
 1 AS `submenu_id`,
 1 AS `orden`,
 1 AS `fecha_creacion`,
 1 AS `fecha_modificacion`,
 1 AS `estatus`*/;
SET character_set_client = @saved_cs_client;

--
-- Temporary view structure for view `vw_primer_seguimiento`
--

DROP TABLE IF EXISTS `vw_primer_seguimiento`;
/*!50001 DROP VIEW IF EXISTS `vw_primer_seguimiento`*/;
SET @saved_cs_client     = @@character_set_client;
/*!50503 SET character_set_client = utf8mb4 */;
/*!50001 CREATE VIEW `vw_primer_seguimiento` AS SELECT 
 1 AS `acuerdo_id`,
 1 AS `tema`,
 1 AS `tema_id`,
 1 AS `seguimiento_acuerdo_id`,
 1 AS `folio`,
 1 AS `asunto`,
 1 AS `seguimiento`,
 1 AS `fecha_creacion_acuerdo`,
 1 AS `fecha_creacion_seguimiento`,
 1 AS `fecha_actualizacion_seguimiento`,
 1 AS `combinacion_area_acuerdo_id`,
 1 AS `combinacion_area_seguimiento_id`,
 1 AS `area_acuerdo`,
 1 AS `area_seguimiento`,
 1 AS `estatus_seguimiento`*/;
SET character_set_client = @saved_cs_client;

--
-- Temporary view structure for view `vw_proyecto_actividades`
--

DROP TABLE IF EXISTS `vw_proyecto_actividades`;
/*!50001 DROP VIEW IF EXISTS `vw_proyecto_actividades`*/;
SET @saved_cs_client     = @@character_set_client;
/*!50503 SET character_set_client = utf8mb4 */;
/*!50001 CREATE VIEW `vw_proyecto_actividades` AS SELECT 
 1 AS `actividad_id`,
 1 AS `actividad`,
 1 AS `beneficiado_id`,
 1 AS `beneficiados`,
 1 AS `cantidad_beneficiario`,
 1 AS `estatus_actividad`,
 1 AS `fecha_creacion_actividad`,
 1 AS `fecha_actualizacion_actividad`,
 1 AS `medicion_id`,
 1 AS `medicion`,
 1 AS `unidad_medida_id`,
 1 AS `unidad_medida`,
 1 AS `proyecto_actividad_id`,
 1 AS `actividad_general`,
 1 AS `folio`,
 1 AS `cve_programa`,
 1 AS `programa_presupuestario`,
 1 AS `techo_financiero`,
 1 AS `cve_fuente_financiamiento`,
 1 AS `descripcion`,
 1 AS `usuario_proyecto_id`,
 1 AS `fecha_creacion_proyecto`,
 1 AS `fecha_actualizacion_proyecto`,
 1 AS `cve_direccion_proyecto`,
 1 AS `direccion_proyecto`,
 1 AS `cve_subdireccion_proyecto`,
 1 AS `subdireccion_proyecto`,
 1 AS `cve_departamento_proyecto`,
 1 AS `departamento_proyecto`,
 1 AS `cve_area_proyecto`,
 1 AS `area_proyecto`,
 1 AS `direccion_proyecto_id`,
 1 AS `subdireccion_proyecto_id`,
 1 AS `departamento_proyecto_id`,
 1 AS `area_proyecto_id`,
 1 AS `linea_accion_id`,
 1 AS `linea_accion`,
 1 AS `objetivo_programa_id`,
 1 AS `objetivo_programa`,
 1 AS `estrategia_programa_id`,
 1 AS `estrategia_programa`,
 1 AS `programado_fisico`,
 1 AS `realizado_fisico`,
 1 AS `programado_financiero`,
 1 AS `realizado_financiero`*/;
SET character_set_client = @saved_cs_client;

--
-- Temporary view structure for view `vw_proyectos`
--

DROP TABLE IF EXISTS `vw_proyectos`;
/*!50001 DROP VIEW IF EXISTS `vw_proyectos`*/;
SET @saved_cs_client     = @@character_set_client;
/*!50503 SET character_set_client = utf8mb4 */;
/*!50001 CREATE VIEW `vw_proyectos` AS SELECT 
 1 AS `cve_programa`,
 1 AS `programa_presupuestario`,
 1 AS `techo_financiero`,
 1 AS `cve_fuente_financiamiento`,
 1 AS `descripcion`,
 1 AS `ejercicio`,
 1 AS `estatus`,
 1 AS `usuario_id`,
 1 AS `fecha_creacion_proyecto`,
 1 AS `fecha_actualizacion_proyecto`,
 1 AS `proyecto_actividad_id`,
 1 AS `objetivo_presupuestario_id`,
 1 AS `linea_accion_id`,
 1 AS `linea_accion`,
 1 AS `objetivo_programa_id`,
 1 AS `cve_objetivo`,
 1 AS `objetivo_programa`,
 1 AS `estrategia_programa_id`,
 1 AS `estrategia_programa`,
 1 AS `cve_direccion_proyecto`,
 1 AS `direccion_proyecto`,
 1 AS `cve_subdireccion_proyecto`,
 1 AS `subdireccion_proyecto`,
 1 AS `cve_departamento_proyecto`,
 1 AS `departamento_proyecto`,
 1 AS `cve_area_proyecto`,
 1 AS `area_proyecto`,
 1 AS `direccion_proyecto_id`,
 1 AS `subdireccion_proyecto_id`,
 1 AS `departamento_proyecto_id`,
 1 AS `area_proyecto_id`*/;
SET character_set_client = @saved_cs_client;

--
-- Temporary view structure for view `vw_resumenes`
--

DROP TABLE IF EXISTS `vw_resumenes`;
/*!50001 DROP VIEW IF EXISTS `vw_resumenes`*/;
SET @saved_cs_client     = @@character_set_client;
/*!50503 SET character_set_client = utf8mb4 */;
/*!50001 CREATE VIEW `vw_resumenes` AS SELECT 
 1 AS `direcion`,
 1 AS `cve_subdireccion`,
 1 AS `subdireccion`,
 1 AS `cve_departamento`,
 1 AS `departamento`,
 1 AS `cve_area`,
 1 AS `area`,
 1 AS `direccion_id`,
 1 AS `subdireccion_id`,
 1 AS `departamento_id`,
 1 AS `area_id`,
 1 AS `combinacion_area_id`,
 1 AS `ejercicio`,
 1 AS `mes`,
 1 AS `narrativa`,
 1 AS `comentario`,
 1 AS `fecha_creacion`,
 1 AS `fecha_actualizacion`,
 1 AS `usuario_id`,
 1 AS `resumen_id`,
 1 AS `evidencia`,
 1 AS `cve_direccion_usuario`,
 1 AS `direcion_usuario`,
 1 AS `cve_subdireccion_usuario`,
 1 AS `subdireccion_usuario`,
 1 AS `cve_departamento_usuario`,
 1 AS `departamento_usuario`,
 1 AS `cve_area_usuario`,
 1 AS `area_usuario`,
 1 AS `nombres_usuario`,
 1 AS `primer_apellido_usuario`,
 1 AS `segundo_apellido_usuario`,
 1 AS `cve_cuenta_usuario`*/;
SET character_set_client = @saved_cs_client;

--
-- Temporary view structure for view `vw_seguimiento_actividades`
--

DROP TABLE IF EXISTS `vw_seguimiento_actividades`;
/*!50001 DROP VIEW IF EXISTS `vw_seguimiento_actividades`*/;
SET @saved_cs_client     = @@character_set_client;
/*!50503 SET character_set_client = utf8mb4 */;
/*!50001 CREATE VIEW `vw_seguimiento_actividades` AS SELECT 
 1 AS `actividad_detallada_id`,
 1 AS `actividad_id`,
 1 AS `descripcion`,
 1 AS `fecha_creacion`,
 1 AS `fecha_actualizacion`,
 1 AS `estatus`,
 1 AS `mes`,
 1 AS `programado_fisico`,
 1 AS `realizado_fisico`,
 1 AS `programado_financiero`,
 1 AS `realizado_financiero`,
 1 AS `usuario_id`*/;
SET character_set_client = @saved_cs_client;

--
-- Temporary view structure for view `vw_seguimiento_acuerdo_ag`
--

DROP TABLE IF EXISTS `vw_seguimiento_acuerdo_ag`;
/*!50001 DROP VIEW IF EXISTS `vw_seguimiento_acuerdo_ag`*/;
SET @saved_cs_client     = @@character_set_client;
/*!50503 SET character_set_client = utf8mb4 */;
/*!50001 CREATE VIEW `vw_seguimiento_acuerdo_ag` AS SELECT 
 1 AS `acuerdo_id`,
 1 AS `tema`,
 1 AS `tema_id`,
 1 AS `seguimiento_acuerdo_id`,
 1 AS `folio`,
 1 AS `asunto`,
 1 AS `seguimiento`,
 1 AS `fecha_creacion_acuerdo`,
 1 AS `fecha_creacion_seguimiento`,
 1 AS `fecha_actualizacion_seguimiento`,
 1 AS `combinacion_area_acuerdo_id`,
 1 AS `combinacion_area_seguimiento_id`,
 1 AS `area_acuerdo`,
 1 AS `area_seguimiento`,
 1 AS `direccion_id_acuerdo`,
 1 AS `subdireccion_id_acuerdo`,
 1 AS `departamento_id_acuerdo`,
 1 AS `area_id_acuerdo`,
 1 AS `direccion_id_seguimiento`,
 1 AS `subdireccion_id_seguimiento`,
 1 AS `departamento_id_seguimiento`,
 1 AS `area_id_seguimiento`,
 1 AS `estatus_acuerdo_id`,
 1 AS `estatus_seguimiento`,
 1 AS `usuario_id_registra`,
 1 AS `nombres_usuario_registra`,
 1 AS `primer_apellido_usuario_registra`,
 1 AS `segundo_apellido_usuario_registra`,
 1 AS `usuario_registra`,
 1 AS `usuario_id_envia`,
 1 AS `nombres_usuario_envia`,
 1 AS `primer_apellido_usuario_envia`,
 1 AS `segundo_apellido_usuario_envia`,
 1 AS `usuario_envia`,
 1 AS `usuario_id_recibe`,
 1 AS `nombres_usuario_recibe`,
 1 AS `primer_apellido_usuario_recibe`,
 1 AS `segundo_apellido_usuario_recibe`,
 1 AS `usuario_recibe`,
 1 AS `fecha_respuesta`*/;
SET character_set_client = @saved_cs_client;

--
-- Temporary view structure for view `vw_seguimiento_acuerdos`
--

DROP TABLE IF EXISTS `vw_seguimiento_acuerdos`;
/*!50001 DROP VIEW IF EXISTS `vw_seguimiento_acuerdos`*/;
SET @saved_cs_client     = @@character_set_client;
/*!50503 SET character_set_client = utf8mb4 */;
/*!50001 CREATE VIEW `vw_seguimiento_acuerdos` AS SELECT 
 1 AS `acuerdo_id`,
 1 AS `seguimiento_acuerdo_id`,
 1 AS `folio`,
 1 AS `asunto`,
 1 AS `tema_id`,
 1 AS `tema`,
 1 AS `cve_direccion_acuerdo`,
 1 AS `direccion_acuerdo`,
 1 AS `cve_subdireccion_acuerdo`,
 1 AS `subdireccion_acuerdo`,
 1 AS `cve_departamento_acuerdo`,
 1 AS `departamento_acuerdo`,
 1 AS `cve_area_acuerdo`,
 1 AS `area_acuerdo`,
 1 AS `direccion_id_acuerdo`,
 1 AS `subdireccion_id_acuerdo`,
 1 AS `departamento_id_acuerdo`,
 1 AS `area_id_acuerdo`,
 1 AS `ejercicio_acuerdo`,
 1 AS `seguimiento`,
 1 AS `combinacion_area_seguimiento_id`,
 1 AS `cve_direccion_seguimiento`,
 1 AS `direccion_seguimiento`,
 1 AS `cve_subdireccion_seguimiento`,
 1 AS `subdireccion_seguimiento`,
 1 AS `cve_departamento_seguimiento`,
 1 AS `departamento_seguimiento`,
 1 AS `cve_area_seguimiento`,
 1 AS `area_seguimiento`,
 1 AS `direccion_seguimiento_id`,
 1 AS `subdireccion_seguimiento_id`,
 1 AS `departamento_seguimiento_id`,
 1 AS `area_seguimiento_id`,
 1 AS `usuario_id_registra`,
 1 AS `nombres_usuario_registra`,
 1 AS `primer_apellido_usuario_registra`,
 1 AS `segundo_apellido_usuario_registra`,
 1 AS `cuenta_usuario_registra`,
 1 AS `cve_direccion_ad`,
 1 AS `direccion_ad`,
 1 AS `cve_subdireccion_ad`,
 1 AS `subdireccion_ad`,
 1 AS `cve_departamento_ad`,
 1 AS `departamento_ad`,
 1 AS `cve_area_ad`,
 1 AS `area_ad`,
 1 AS `nombres_usuario_envia`,
 1 AS `primer_apellido_usuario_envia`,
 1 AS `segundo_apellido_usuario_envia`,
 1 AS `cuenta_usuario_envia`,
 1 AS `usuario_id_envia`,
 1 AS `usuario_id_recibe`,
 1 AS `nombres_usuario_recibe`,
 1 AS `primer_apellido_usuario_recibe`,
 1 AS `segundo_apellido_usuario_recibe`,
 1 AS `archivo_anexo`,
 1 AS `fecha_creacion_acuerdo`,
 1 AS `fecha_creacion_seguimiento`,
 1 AS `fecha_actualizacion_seguimiento`,
 1 AS `estatus_acuerdo_id`,
 1 AS `estatus_seguimiento`,
 1 AS `fecha_respuesta`*/;
SET character_set_client = @saved_cs_client;

--
-- Temporary view structure for view `vw_subdirecciones`
--

DROP TABLE IF EXISTS `vw_subdirecciones`;
/*!50001 DROP VIEW IF EXISTS `vw_subdirecciones`*/;
SET @saved_cs_client     = @@character_set_client;
/*!50503 SET character_set_client = utf8mb4 */;
/*!50001 CREATE VIEW `vw_subdirecciones` AS SELECT 
 1 AS `subdireccion_id`,
 1 AS `direccion_id`,
 1 AS `cve_direccion`,
 1 AS `direccion`,
 1 AS `cve_subdireccion`,
 1 AS `subdireccion`*/;
SET character_set_client = @saved_cs_client;

--
-- Temporary view structure for view `vw_ultimo_seguimiento`
--

DROP TABLE IF EXISTS `vw_ultimo_seguimiento`;
/*!50001 DROP VIEW IF EXISTS `vw_ultimo_seguimiento`*/;
SET @saved_cs_client     = @@character_set_client;
/*!50503 SET character_set_client = utf8mb4 */;
/*!50001 CREATE VIEW `vw_ultimo_seguimiento` AS SELECT 
 1 AS `acuerdo_id`,
 1 AS `tema`,
 1 AS `tema_id`,
 1 AS `seguimiento_acuerdo_id`,
 1 AS `folio`,
 1 AS `asunto`,
 1 AS `seguimiento`,
 1 AS `fecha_creacion_acuerdo`,
 1 AS `fecha_creacion_seguimiento`,
 1 AS `fecha_actualizacion_seguimiento`,
 1 AS `combinacion_area_acuerdo_id`,
 1 AS `direccion_id_acuerdo`,
 1 AS `subdireccion_id_acuerdo`,
 1 AS `departamento_id_acuerdo`,
 1 AS `area_id_acuerdo`,
 1 AS `direccion_id_seguimiento`,
 1 AS `subdireccion_id_seguimiento`,
 1 AS `departamento_id_seguimiento`,
 1 AS `area_id_seguimiento`,
 1 AS `combinacion_area_seguimiento_id`,
 1 AS `area_acuerdo`,
 1 AS `area_seguimiento`,
 1 AS `estatus_seguimiento`,
 1 AS `usuario_id_registra`,
 1 AS `usuario_registra`,
 1 AS `usuario_id_envia`,
 1 AS `usuario_envia`,
 1 AS `usuario_id_recibe`,
 1 AS `usuario_recibe`,
 1 AS `fecha_respuesta`*/;
SET character_set_client = @saved_cs_client;

--
-- Temporary view structure for view `vw_unidades_medida`
--

DROP TABLE IF EXISTS `vw_unidades_medida`;
/*!50001 DROP VIEW IF EXISTS `vw_unidades_medida`*/;
SET @saved_cs_client     = @@character_set_client;
/*!50503 SET character_set_client = utf8mb4 */;
/*!50001 CREATE VIEW `vw_unidades_medida` AS SELECT 
 1 AS `area_unidad_medida_id`,
 1 AS `direccion_id`,
 1 AS `unidad_medida_id`,
 1 AS `cve_medida`,
 1 AS `descripcion`,
 1 AS `estatus`*/;
SET character_set_client = @saved_cs_client;

--
-- Temporary view structure for view `vw_usuarios`
--

DROP TABLE IF EXISTS `vw_usuarios`;
/*!50001 DROP VIEW IF EXISTS `vw_usuarios`*/;
SET @saved_cs_client     = @@character_set_client;
/*!50503 SET character_set_client = utf8mb4 */;
/*!50001 CREATE VIEW `vw_usuarios` AS SELECT 
 1 AS `usuario`,
 1 AS `contrasena`,
 1 AS `combinacion_area_usuario_id`,
 1 AS `cve_direccion`,
 1 AS `direccion`,
 1 AS `cve_subdireccion`,
 1 AS `subdireccion`,
 1 AS `cve_departamento`,
 1 AS `departamento`,
 1 AS `cve_area`,
 1 AS `direccion_id`,
 1 AS `subdireccion_id`,
 1 AS `departamento_id`,
 1 AS `area_id`,
 1 AS `area`,
 1 AS `nombres`,
 1 AS `primer_apellido`,
 1 AS `segundo_apellido`,
 1 AS `sexo`,
 1 AS `tipo_usuario_id`,
 1 AS `cve_categoria`,
 1 AS `categoria`,
 1 AS `cve_cuenta`,
 1 AS `usuario_id`,
 1 AS `categoria_id`,
 1 AS `cve_cargo`,
 1 AS `cargo`,
 1 AS `cargo_id`,
 1 AS `alias`,
 1 AS `titulo`,
 1 AS `estatus`*/;
SET character_set_client = @saved_cs_client;

--
-- Final view structure for view `qry_calendario`
--

/*!50001 DROP VIEW IF EXISTS `qry_calendario`*/;
/*!50001 SET @saved_cs_client          = @@character_set_client */;
/*!50001 SET @saved_cs_results         = @@character_set_results */;
/*!50001 SET @saved_col_connection     = @@collation_connection */;
/*!50001 SET character_set_client      = utf8mb4 */;
/*!50001 SET character_set_results     = utf8mb4 */;
/*!50001 SET collation_connection      = utf8mb4_0900_ai_ci */;
/*!50001 CREATE ALGORITHM=UNDEFINED */
/*!50013 DEFINER=`root`@`localhost` SQL SECURITY DEFINER */
/*!50001 VIEW `qry_calendario` AS select month(`a`.`fecha_creacion_acuerdo`) AS `mes`,(case dayofmonth(`a`.`fecha_creacion_acuerdo`) when 19 then concat_ws('-',`a`.`acuerdo_id`,`a`.`asunto`) end) AS `19`,(case dayofmonth(`a`.`fecha_creacion_acuerdo`) when 20 then concat_ws('-',`a`.`acuerdo_id`,`a`.`asunto`) end) AS `20`,(case dayofmonth(`a`.`fecha_creacion_acuerdo`) when 21 then concat_ws('-',`a`.`acuerdo_id`,`a`.`asunto`) end) AS `21`,(case dayofmonth(`a`.`fecha_creacion_acuerdo`) when 22 then concat_ws('-',`a`.`acuerdo_id`,`a`.`asunto`) end) AS `22`,(case dayofmonth(`a`.`fecha_creacion_acuerdo`) when 23 then concat_ws('-',`a`.`acuerdo_id`,`a`.`asunto`) end) AS `23`,(case dayofmonth(`a`.`fecha_creacion_acuerdo`) when 24 then concat_ws('-',`a`.`acuerdo_id`,`a`.`asunto`) end) AS `24`,(case dayofmonth(`a`.`fecha_creacion_acuerdo`) when 25 then concat_ws('-',`a`.`acuerdo_id`,`a`.`asunto`) end) AS `25`,(case dayofmonth(`a`.`fecha_creacion_acuerdo`) when 26 then concat_ws('-',`a`.`acuerdo_id`,`a`.`asunto`) end) AS `26`,(case dayofmonth(`a`.`fecha_creacion_acuerdo`) when 27 then concat_ws('-',`a`.`acuerdo_id`,`a`.`asunto`) end) AS `27`,(case dayofmonth(`a`.`fecha_creacion_acuerdo`) when 28 then concat_ws('-',`a`.`acuerdo_id`,`a`.`asunto`) end) AS `28`,(case dayofmonth(`a`.`fecha_creacion_acuerdo`) when 29 then concat_ws('-',`a`.`acuerdo_id`,`a`.`asunto`) end) AS `29`,(case dayofmonth(`a`.`fecha_creacion_acuerdo`) when 30 then concat_ws('-',`a`.`acuerdo_id`,`a`.`asunto`) end) AS `30`,(case dayofmonth(`a`.`fecha_creacion_acuerdo`) when 31 then concat_ws('-',`a`.`acuerdo_id`,`a`.`asunto`) end) AS `31` from `vw_acuerdos` `a` */;
/*!50001 SET character_set_client      = @saved_cs_client */;
/*!50001 SET character_set_results     = @saved_cs_results */;
/*!50001 SET collation_connection      = @saved_col_connection */;

--
-- Final view structure for view `vw_acuerdos`
--

/*!50001 DROP VIEW IF EXISTS `vw_acuerdos`*/;
/*!50001 SET @saved_cs_client          = @@character_set_client */;
/*!50001 SET @saved_cs_results         = @@character_set_results */;
/*!50001 SET @saved_col_connection     = @@collation_connection */;
/*!50001 SET character_set_client      = utf8mb4 */;
/*!50001 SET character_set_results     = utf8mb4 */;
/*!50001 SET collation_connection      = utf8mb4_0900_ai_ci */;
/*!50001 CREATE ALGORITHM=UNDEFINED */
/*!50013 DEFINER=`root`@`localhost` SQL SECURITY DEFINER */
/*!50001 VIEW `vw_acuerdos` AS select `a`.`acuerdo_id` AS `acuerdo_id`,`a`.`asunto` AS `asunto`,`ca`.`combinacion_area_id` AS `combinacion_area_acuerdo_id`,`ca`.`cve_direccion` AS `cve_direccion_acuerdo`,`ca`.`direccion` AS `direccion_acuerdo`,`ca`.`cve_subdireccion` AS `cve_subdireccion_acuerdo`,`ca`.`subdireccion` AS `subdireccion_acuerdo`,`ca`.`cve_departamento` AS `cve_departamento_acuerdo`,`ca`.`departamento` AS `departamento_acuerdo`,`ca`.`cve_area` AS `cve_area_acuerdo`,`ca`.`area` AS `area_acuerdo`,`ca`.`direccion_id` AS `direccion_id_acuerdo`,`ca`.`subdireccion_id` AS `subdireccion_id_acuerdo`,`ca`.`departamento_id` AS `departamento_id_acuerdo`,`ca`.`area_id` AS `area_id_acuerdo`,`a`.`estatus` AS `estatus`,`a`.`ejercicio` AS `ejercicio_acuerdo`,`a`.`fecha_creacion` AS `fecha_creacion_acuerdo`,`a`.`fecha_actualizacion` AS `fecha_actualizacion_acuerdo`,`a`.`usuario_registra_id` AS `usuario_registra_id`,`u`.`cve_direccion` AS `cve_direccion_usuario`,`u`.`direccion` AS `direccion_usuario`,`u`.`cve_subdireccion` AS `cve_subdireccion_usuario`,`u`.`subdireccion` AS `subdireccion_usuario`,`u`.`cve_departamento` AS `cve_departamento_usuario`,`u`.`departamento` AS `departamento_usuario`,`u`.`cve_area` AS `cve_area_usuario`,`u`.`area` AS `area_usuario`,`u`.`nombres` AS `nombres_usuario`,`u`.`primer_apellido` AS `primer_apellido_usuario`,`u`.`segundo_apellido` AS `segundo_apellido_usuario`,`u`.`cve_cuenta` AS `cve_cuenta_usuario`,`u`.`direccion_id` AS `direccion_usuario_id`,`u`.`subdireccion_id` AS `subdireccion_usuario_id`,`u`.`departamento_id` AS `departamento_usuario_id`,`u`.`area_id` AS `area_usuario_id`,`t`.`tema_id` AS `tema_id`,`t`.`descripcion` AS `tema`,`t`.`fecha_respuesta` AS `fecha_respuesta` from (((`acuerdos` `a` join `combinaciones_areas` `ca` on((`a`.`combinacion_area_id` = `ca`.`combinacion_area_id`))) left join `vw_usuarios` `u` on((`a`.`usuario_registra_id` = `u`.`usuario_id`))) join `temas` `t` on((`t`.`tema_id` = `a`.`tema_id`))) */;
/*!50001 SET character_set_client      = @saved_cs_client */;
/*!50001 SET character_set_results     = @saved_cs_results */;
/*!50001 SET collation_connection      = @saved_col_connection */;

--
-- Final view structure for view `vw_areas`
--

/*!50001 DROP VIEW IF EXISTS `vw_areas`*/;
/*!50001 SET @saved_cs_client          = @@character_set_client */;
/*!50001 SET @saved_cs_results         = @@character_set_results */;
/*!50001 SET @saved_col_connection     = @@collation_connection */;
/*!50001 SET character_set_client      = utf8mb4 */;
/*!50001 SET character_set_results     = utf8mb4 */;
/*!50001 SET collation_connection      = utf8mb4_0900_ai_ci */;
/*!50001 CREATE ALGORITHM=UNDEFINED */
/*!50013 DEFINER=`root`@`localhost` SQL SECURITY DEFINER */
/*!50001 VIEW `vw_areas` AS select `a`.`cve_area` AS `cve_area`,`a`.`descripcion` AS `area`,`depto`.`cve_departamento` AS `cve_departamento`,`depto`.`descripcion` AS `departamento`,`sd`.`cve_subdireccion` AS `cve_subdireccion`,`sd`.`descripcion` AS `subdireccion`,`d`.`cve_direccion` AS `cve_direccion`,`d`.`descripcion` AS `direccion`,`a`.`area_id` AS `area_id`,`depto`.`departamento_id` AS `departamento_id`,`sd`.`subdireccion_id` AS `subdireccion_id`,`d`.`direccion_id` AS `direccion_id` from (((`areas` `a` join `departamentos` `depto` on((`a`.`departamento_id` = `depto`.`departamento_id`))) join `subdirecciones` `sd` on((`depto`.`subdireccion_id` = `sd`.`subdireccion_id`))) join `direcciones` `d` on((`sd`.`direccion_id` = `d`.`direccion_id`))) */;
/*!50001 SET character_set_client      = @saved_cs_client */;
/*!50001 SET character_set_results     = @saved_cs_results */;
/*!50001 SET collation_connection      = @saved_col_connection */;

--
-- Final view structure for view `vw_departamentos`
--

/*!50001 DROP VIEW IF EXISTS `vw_departamentos`*/;
/*!50001 SET @saved_cs_client          = @@character_set_client */;
/*!50001 SET @saved_cs_results         = @@character_set_results */;
/*!50001 SET @saved_col_connection     = @@collation_connection */;
/*!50001 SET character_set_client      = utf8mb4 */;
/*!50001 SET character_set_results     = utf8mb4 */;
/*!50001 SET collation_connection      = utf8mb4_0900_ai_ci */;
/*!50001 CREATE ALGORITHM=UNDEFINED */
/*!50013 DEFINER=`root`@`localhost` SQL SECURITY DEFINER */
/*!50001 VIEW `vw_departamentos` AS select `d`.`cve_direccion` AS `cve_direccion`,`d`.`descripcion` AS `direccion`,`sd`.`cve_subdireccion` AS `cve_subdireccion`,`sd`.`descripcion` AS `subdireccion`,`depto`.`cve_departamento` AS `cve_departamento`,`depto`.`descripcion` AS `departamento`,`d`.`direccion_id` AS `direccion_id`,`sd`.`subdireccion_id` AS `subdireccion_id`,`depto`.`departamento_id` AS `departamento_id` from ((`direcciones` `d` join `departamentos` `depto` on((`d`.`direccion_id` = `depto`.`direccion_id`))) join `subdirecciones` `sd` on((`depto`.`subdireccion_id` = `sd`.`subdireccion_id`))) */;
/*!50001 SET character_set_client      = @saved_cs_client */;
/*!50001 SET character_set_results     = @saved_cs_results */;
/*!50001 SET collation_connection      = @saved_col_connection */;

--
-- Final view structure for view `vw_direcciones_dptos_todos`
--

/*!50001 DROP VIEW IF EXISTS `vw_direcciones_dptos_todos`*/;
/*!50001 SET @saved_cs_client          = @@character_set_client */;
/*!50001 SET @saved_cs_results         = @@character_set_results */;
/*!50001 SET @saved_col_connection     = @@collation_connection */;
/*!50001 SET character_set_client      = utf8mb4 */;
/*!50001 SET character_set_results     = utf8mb4 */;
/*!50001 SET collation_connection      = utf8mb4_0900_ai_ci */;
/*!50001 CREATE ALGORITHM=UNDEFINED */
/*!50013 DEFINER=`root`@`localhost` SQL SECURITY DEFINER */
/*!50001 VIEW `vw_direcciones_dptos_todos` AS select `combinaciones_areas`.`combinacion_area_id` AS `combinacion_area_id`,`combinaciones_areas`.`direccion_id` AS `direccion_id`,`combinaciones_areas`.`subdireccion_id` AS `subdireccion_id`,`combinaciones_areas`.`departamento_id` AS `departamento_id`,`combinaciones_areas`.`area_id` AS `area_id`,`combinaciones_areas`.`cve_direccion` AS `cve_direccion`,`combinaciones_areas`.`direccion` AS `direccion`,`combinaciones_areas`.`cve_subdireccion` AS `cve_subdireccion`,`combinaciones_areas`.`subdireccion` AS `subdireccion`,`combinaciones_areas`.`cve_departamento` AS `cve_departamento`,`combinaciones_areas`.`departamento` AS `departamento`,`combinaciones_areas`.`cve_area` AS `cve_area`,`combinaciones_areas`.`area` AS `area` from `combinaciones_areas` */;
/*!50001 SET character_set_client      = @saved_cs_client */;
/*!50001 SET character_set_results     = @saved_cs_results */;
/*!50001 SET collation_connection      = @saved_col_connection */;

--
-- Final view structure for view `vw_linea_accion`
--

/*!50001 DROP VIEW IF EXISTS `vw_linea_accion`*/;
/*!50001 SET @saved_cs_client          = @@character_set_client */;
/*!50001 SET @saved_cs_results         = @@character_set_results */;
/*!50001 SET @saved_col_connection     = @@collation_connection */;
/*!50001 SET character_set_client      = utf8mb4 */;
/*!50001 SET character_set_results     = utf8mb4 */;
/*!50001 SET collation_connection      = utf8mb4_0900_ai_ci */;
/*!50001 CREATE ALGORITHM=UNDEFINED */
/*!50013 DEFINER=`root`@`localhost` SQL SECURITY DEFINER */
/*!50001 VIEW `vw_linea_accion` AS select `la`.`linea_accion_id` AS `linea_accion_id`,`la`.`descripcion` AS `linea_accion`,`op`.`cve_objetivo` AS `cve_objetivo`,`op`.`descripcion` AS `objetivo_programa`,`ep`.`descripcion` AS `estrategia_programa`,`la`.`objetivo_programa_id` AS `objetivo_programa_id`,`la`.`estrategia_programa_id` AS `estrategia_programa_id`,`la`.`ejercicio` AS `ejercicio`,`la`.`estatus` AS `estatus` from ((`lineas_accion` `la` join `objetivos_programas` `op` on((`la`.`objetivo_programa_id` = `op`.`objetivo_programa_id`))) join `estrategias_programa` `ep` on(((`la`.`estrategia_programa_id` = `ep`.`estrategia_programa_id`) and (`op`.`objetivo_programa_id` = `ep`.`objetivo_programa_id`)))) */;
/*!50001 SET character_set_client      = @saved_cs_client */;
/*!50001 SET character_set_results     = @saved_cs_results */;
/*!50001 SET collation_connection      = @saved_col_connection */;

--
-- Final view structure for view `vw_localidades`
--

/*!50001 DROP VIEW IF EXISTS `vw_localidades`*/;
/*!50001 SET @saved_cs_client          = @@character_set_client */;
/*!50001 SET @saved_cs_results         = @@character_set_results */;
/*!50001 SET @saved_col_connection     = @@collation_connection */;
/*!50001 SET character_set_client      = utf8mb4 */;
/*!50001 SET character_set_results     = utf8mb4 */;
/*!50001 SET collation_connection      = utf8mb4_0900_ai_ci */;
/*!50001 CREATE ALGORITHM=UNDEFINED */
/*!50013 DEFINER=`root`@`%` SQL SECURITY DEFINER */
/*!50001 VIEW `vw_localidades` AS select `l`.`localidad_id` AS `localidad_id`,`l`.`descripcion` AS `localidad`,if((`l`.`ambito_id` = 'U'),'Urbano','Rural') AS `ambito`,`m`.`municipio_id` AS `municipio_id`,`m`.`descripcion` AS `municipio` from (`localidades` `l` join `municipios` `m` on((`m`.`municipio_id` = `l`.`municipio_id`))) */;
/*!50001 SET character_set_client      = @saved_cs_client */;
/*!50001 SET character_set_results     = @saved_cs_results */;
/*!50001 SET collation_connection      = @saved_col_connection */;

--
-- Final view structure for view `vw_menu`
--

/*!50001 DROP VIEW IF EXISTS `vw_menu`*/;
/*!50001 SET @saved_cs_client          = @@character_set_client */;
/*!50001 SET @saved_cs_results         = @@character_set_results */;
/*!50001 SET @saved_col_connection     = @@collation_connection */;
/*!50001 SET character_set_client      = utf8mb4 */;
/*!50001 SET character_set_results     = utf8mb4 */;
/*!50001 SET collation_connection      = utf8mb4_0900_ai_ci */;
/*!50001 CREATE ALGORITHM=UNDEFINED */
/*!50013 DEFINER=`root`@`localhost` SQL SECURITY DEFINER */
/*!50001 VIEW `vw_menu` AS select `menu`.`menu_id` AS `menu_id`,`menu`.`menu` AS `menu`,`menu`.`icono` AS `icono`,`menu`.`url` AS `url`,`tipos_menu`.`tipo_menu_id` AS `tipo_menu_id`,`tipos_menu`.`tipo_menu` AS `tipo_menu`,`tipos_menu`.`clave` AS `clave`,`menu`.`submenu_id` AS `submenu_id`,`menu`.`orden` AS `orden`,`menu`.`fecha_creacion` AS `fecha_creacion`,`menu`.`fecha_modificacion` AS `fecha_modificacion`,`menu`.`estatus` AS `estatus` from (`menu` join `tipos_menu` on((`tipos_menu`.`tipo_menu_id` = `menu`.`tipo_menu_id`))) order by `menu`.`orden` */;
/*!50001 SET character_set_client      = @saved_cs_client */;
/*!50001 SET character_set_results     = @saved_cs_results */;
/*!50001 SET collation_connection      = @saved_col_connection */;

--
-- Final view structure for view `vw_primer_seguimiento`
--

/*!50001 DROP VIEW IF EXISTS `vw_primer_seguimiento`*/;
/*!50001 SET @saved_cs_client          = @@character_set_client */;
/*!50001 SET @saved_cs_results         = @@character_set_results */;
/*!50001 SET @saved_col_connection     = @@collation_connection */;
/*!50001 SET character_set_client      = utf8mb4 */;
/*!50001 SET character_set_results     = utf8mb4 */;
/*!50001 SET collation_connection      = utf8mb4_0900_ai_ci */;
/*!50001 CREATE ALGORITHM=UNDEFINED */
/*!50013 DEFINER=`root`@`localhost` SQL SECURITY DEFINER */
/*!50001 VIEW `vw_primer_seguimiento` AS select `ag`.`acuerdo_id` AS `acuerdo_id`,`ag`.`tema` AS `tema`,`ag`.`tema_id` AS `tema_id`,`ag`.`seguimiento_acuerdo_id` AS `seguimiento_acuerdo_id`,`ag`.`folio` AS `folio`,`ag`.`asunto` AS `asunto`,`ag`.`seguimiento` AS `seguimiento`,`ag`.`fecha_creacion_acuerdo` AS `fecha_creacion_acuerdo`,`ag`.`fecha_creacion_seguimiento` AS `fecha_creacion_seguimiento`,`ag`.`fecha_actualizacion_seguimiento` AS `fecha_actualizacion_seguimiento`,`ag`.`combinacion_area_acuerdo_id` AS `combinacion_area_acuerdo_id`,`ag`.`combinacion_area_seguimiento_id` AS `combinacion_area_seguimiento_id`,`ag`.`area_acuerdo` AS `area_acuerdo`,`ag`.`area_seguimiento` AS `area_seguimiento`,`ag`.`estatus_seguimiento` AS `estatus_seguimiento` from (`vw_seguimiento_acuerdo_ag` `ag` join (select min(`vw_seguimiento_acuerdo_ag`.`seguimiento_acuerdo_id`) AS `seguimiento_acuerdo_id` from `vw_seguimiento_acuerdo_ag` group by `vw_seguimiento_acuerdo_ag`.`acuerdo_id`) `x` on((`x`.`seguimiento_acuerdo_id` = `ag`.`seguimiento_acuerdo_id`))) */;
/*!50001 SET character_set_client      = @saved_cs_client */;
/*!50001 SET character_set_results     = @saved_cs_results */;
/*!50001 SET collation_connection      = @saved_col_connection */;

--
-- Final view structure for view `vw_proyecto_actividades`
--

/*!50001 DROP VIEW IF EXISTS `vw_proyecto_actividades`*/;
/*!50001 SET @saved_cs_client          = @@character_set_client */;
/*!50001 SET @saved_cs_results         = @@character_set_results */;
/*!50001 SET @saved_col_connection     = @@collation_connection */;
/*!50001 SET character_set_client      = utf8mb4 */;
/*!50001 SET character_set_results     = utf8mb4 */;
/*!50001 SET collation_connection      = utf8mb4_0900_ai_ci */;
/*!50001 CREATE ALGORITHM=UNDEFINED */
/*!50013 DEFINER=`root`@`localhost` SQL SECURITY DEFINER */
/*!50001 VIEW `vw_proyecto_actividades` AS select `act`.`actividad_id` AS `actividad_id`,`act`.`descripcion` AS `actividad`,`act`.`beneficiado_id` AS `beneficiado_id`,`b`.`descripcion` AS `beneficiados`,`act`.`cantidad_beneficiario` AS `cantidad_beneficiario`,`act`.`estatus` AS `estatus_actividad`,`act`.`fecha_creacion` AS `fecha_creacion_actividad`,`act`.`fecha_actualizacion` AS `fecha_actualizacion_actividad`,`act`.`medicion_id` AS `medicion_id`,`medic`.`descripcion` AS `medicion`,`act`.`unidad_medida_id` AS `unidad_medida_id`,`uni_med`.`descripcion` AS `unidad_medida`,`act`.`proyecto_actividad_id` AS `proyecto_actividad_id`,`act`.`descripcion` AS `actividad_general`,concat_ws('-',`proy`.`proyecto_actividad_id`,`act`.`actividad_id`) AS `folio`,`proy`.`cve_programa` AS `cve_programa`,`proy`.`programa_presupuestario` AS `programa_presupuestario`,`proy`.`techo_financiero` AS `techo_financiero`,`proy`.`cve_fuente_financiamiento` AS `cve_fuente_financiamiento`,`proy`.`descripcion` AS `descripcion`,`proy`.`usuario_id` AS `usuario_proyecto_id`,`proy`.`fecha_creacion_proyecto` AS `fecha_creacion_proyecto`,`proy`.`fecha_actualizacion_proyecto` AS `fecha_actualizacion_proyecto`,`proy`.`cve_direccion_proyecto` AS `cve_direccion_proyecto`,`proy`.`direccion_proyecto` AS `direccion_proyecto`,`proy`.`cve_subdireccion_proyecto` AS `cve_subdireccion_proyecto`,`proy`.`subdireccion_proyecto` AS `subdireccion_proyecto`,`proy`.`cve_departamento_proyecto` AS `cve_departamento_proyecto`,`proy`.`departamento_proyecto` AS `departamento_proyecto`,`proy`.`cve_area_proyecto` AS `cve_area_proyecto`,`proy`.`area_proyecto` AS `area_proyecto`,`proy`.`direccion_proyecto_id` AS `direccion_proyecto_id`,`proy`.`subdireccion_proyecto_id` AS `subdireccion_proyecto_id`,`proy`.`departamento_proyecto_id` AS `departamento_proyecto_id`,`proy`.`area_proyecto_id` AS `area_proyecto_id`,`proy`.`linea_accion_id` AS `linea_accion_id`,`proy`.`linea_accion` AS `linea_accion`,`proy`.`objetivo_programa_id` AS `objetivo_programa_id`,`proy`.`objetivo_programa` AS `objetivo_programa`,`proy`.`estrategia_programa_id` AS `estrategia_programa_id`,`proy`.`estrategia_programa` AS `estrategia_programa`,(select sum(`vw_seguimiento_actividades`.`programado_fisico`) from `vw_seguimiento_actividades` where (`vw_seguimiento_actividades`.`actividad_id` = `act`.`actividad_id`)) AS `programado_fisico`,(select sum(`vw_seguimiento_actividades`.`realizado_fisico`) from `vw_seguimiento_actividades` where (`vw_seguimiento_actividades`.`actividad_id` = `act`.`actividad_id`)) AS `realizado_fisico`,(select sum(`vw_seguimiento_actividades`.`programado_financiero`) from `vw_seguimiento_actividades` where (`vw_seguimiento_actividades`.`actividad_id` = `act`.`actividad_id`)) AS `programado_financiero`,(select sum(`vw_seguimiento_actividades`.`realizado_financiero`) from `vw_seguimiento_actividades` where (`vw_seguimiento_actividades`.`actividad_id` = `act`.`actividad_id`)) AS `realizado_financiero` from ((((`actividades` `act` join `vw_proyectos` `proy` on((`act`.`proyecto_actividad_id` = `proy`.`proyecto_actividad_id`))) join `unidades_medida` `uni_med` on((`act`.`unidad_medida_id` = `uni_med`.`unidad_medida_id`))) join `mediciones` `medic` on((`act`.`medicion_id` = `medic`.`medicion_id`))) join `beneficiados` `b` on((`act`.`beneficiado_id` = `b`.`beneficiado_id`))) order by `proy`.`proyecto_actividad_id`,`act`.`actividad_id` desc */;
/*!50001 SET character_set_client      = @saved_cs_client */;
/*!50001 SET character_set_results     = @saved_cs_results */;
/*!50001 SET collation_connection      = @saved_col_connection */;

--
-- Final view structure for view `vw_proyectos`
--

/*!50001 DROP VIEW IF EXISTS `vw_proyectos`*/;
/*!50001 SET @saved_cs_client          = @@character_set_client */;
/*!50001 SET @saved_cs_results         = @@character_set_results */;
/*!50001 SET @saved_col_connection     = @@collation_connection */;
/*!50001 SET character_set_client      = utf8mb4 */;
/*!50001 SET character_set_results     = utf8mb4 */;
/*!50001 SET collation_connection      = utf8mb4_0900_ai_ci */;
/*!50001 CREATE ALGORITHM=UNDEFINED */
/*!50013 DEFINER=`root`@`localhost` SQL SECURITY DEFINER */
/*!50001 VIEW `vw_proyectos` AS select `pp`.`cve_programa` AS `cve_programa`,`pp`.`descripcion` AS `programa_presupuestario`,`pp`.`techo_financiero` AS `techo_financiero`,`ff`.`cve_fuente_financiamiento` AS `cve_fuente_financiamiento`,`ff`.`descripcion` AS `descripcion`,`pa`.`ejercicio` AS `ejercicio`,`pa`.`estatus` AS `estatus`,`pa`.`usuario_id` AS `usuario_id`,`pa`.`fecha_creacion` AS `fecha_creacion_proyecto`,`pa`.`fecha_actualizacion` AS `fecha_actualizacion_proyecto`,`pa`.`proyecto_actividad_id` AS `proyecto_actividad_id`,`pa`.`objetivo_presupuestario_id` AS `objetivo_presupuestario_id`,`pa`.`linea_accion_id` AS `linea_accion_id`,`la`.`descripcion` AS `linea_accion`,`la`.`objetivo_programa_id` AS `objetivo_programa_id`,`op`.`cve_objetivo` AS `cve_objetivo`,`op`.`descripcion` AS `objetivo_programa`,`la`.`estrategia_programa_id` AS `estrategia_programa_id`,`ep`.`descripcion` AS `estrategia_programa`,`ca`.`cve_direccion` AS `cve_direccion_proyecto`,`ca`.`direccion` AS `direccion_proyecto`,`ca`.`cve_subdireccion` AS `cve_subdireccion_proyecto`,`ca`.`subdireccion` AS `subdireccion_proyecto`,`ca`.`cve_departamento` AS `cve_departamento_proyecto`,`ca`.`departamento` AS `departamento_proyecto`,`ca`.`cve_area` AS `cve_area_proyecto`,`ca`.`area` AS `area_proyecto`,`ca`.`direccion_id` AS `direccion_proyecto_id`,`ca`.`subdireccion_id` AS `subdireccion_proyecto_id`,`ca`.`departamento_id` AS `departamento_proyecto_id`,`ca`.`area_id` AS `area_proyecto_id` from (((((((`proyectos_actividades` `pa` left join `programas_presupuestarios` `pp` on((`pa`.`programa_presupuestario_id` = `pp`.`programa_presupuestario_id`))) left join `fuentes_financiamiento` `ff` on((`pa`.`fuente_finaciamiento_id` = `ff`.`fuente_finaciamiento_id`))) join `lineas_accion` `la` on((`la`.`linea_accion_id` = `pa`.`linea_accion_id`))) left join `estrategias_programa` `ep` on((`ep`.`estrategia_programa_id` = `la`.`estrategia_programa_id`))) left join `objetivos_programas` `op` on((`op`.`objetivo_programa_id` = `la`.`objetivo_programa_id`))) join `combinaciones_areas` `ca` on((`pa`.`combinacion_area_id` = `ca`.`combinacion_area_id`))) join `vw_usuarios` `u` on((`u`.`usuario_id` = `pa`.`usuario_id`))) */;
/*!50001 SET character_set_client      = @saved_cs_client */;
/*!50001 SET character_set_results     = @saved_cs_results */;
/*!50001 SET collation_connection      = @saved_col_connection */;

--
-- Final view structure for view `vw_resumenes`
--

/*!50001 DROP VIEW IF EXISTS `vw_resumenes`*/;
/*!50001 SET @saved_cs_client          = @@character_set_client */;
/*!50001 SET @saved_cs_results         = @@character_set_results */;
/*!50001 SET @saved_col_connection     = @@collation_connection */;
/*!50001 SET character_set_client      = utf8mb4 */;
/*!50001 SET character_set_results     = utf8mb4 */;
/*!50001 SET collation_connection      = utf8mb4_0900_ai_ci */;
/*!50001 CREATE ALGORITHM=UNDEFINED */
/*!50013 DEFINER=`root`@`localhost` SQL SECURITY DEFINER */
/*!50001 VIEW `vw_resumenes` AS select `ca`.`direccion` AS `direcion`,`ca`.`cve_subdireccion` AS `cve_subdireccion`,`ca`.`subdireccion` AS `subdireccion`,`ca`.`cve_departamento` AS `cve_departamento`,`ca`.`departamento` AS `departamento`,`ca`.`cve_area` AS `cve_area`,`ca`.`area` AS `area`,`ca`.`direccion_id` AS `direccion_id`,`ca`.`subdireccion_id` AS `subdireccion_id`,`ca`.`departamento_id` AS `departamento_id`,`ca`.`area_id` AS `area_id`,`r`.`combinacion_area_id` AS `combinacion_area_id`,`r`.`ejercicio` AS `ejercicio`,`r`.`mes` AS `mes`,`r`.`narrativa` AS `narrativa`,`r`.`comentario` AS `comentario`,`r`.`fecha_creacion` AS `fecha_creacion`,`r`.`fecha_actualizacion` AS `fecha_actualizacion`,`r`.`usuario_id` AS `usuario_id`,`r`.`resumen_id` AS `resumen_id`,`r`.`evidencia` AS `evidencia`,`u`.`cve_direccion` AS `cve_direccion_usuario`,`u`.`direccion` AS `direcion_usuario`,`u`.`cve_subdireccion` AS `cve_subdireccion_usuario`,`u`.`subdireccion` AS `subdireccion_usuario`,`u`.`cve_departamento` AS `cve_departamento_usuario`,`u`.`departamento` AS `departamento_usuario`,`u`.`cve_area` AS `cve_area_usuario`,`u`.`area` AS `area_usuario`,`u`.`nombres` AS `nombres_usuario`,`u`.`primer_apellido` AS `primer_apellido_usuario`,`u`.`segundo_apellido` AS `segundo_apellido_usuario`,`u`.`cve_cuenta` AS `cve_cuenta_usuario` from (((`resumenes` `r` join `combinaciones_areas` `ca` on((`r`.`combinacion_area_id` = `ca`.`combinacion_area_id`))) join `vw_usuarios` `u` on((`r`.`usuario_id` = `u`.`usuario_id`))) join `vw_proyecto_actividades` `pa` on((`pa`.`actividad_id` = `r`.`actividad_id`))) */;
/*!50001 SET character_set_client      = @saved_cs_client */;
/*!50001 SET character_set_results     = @saved_cs_results */;
/*!50001 SET collation_connection      = @saved_col_connection */;

--
-- Final view structure for view `vw_seguimiento_actividades`
--

/*!50001 DROP VIEW IF EXISTS `vw_seguimiento_actividades`*/;
/*!50001 SET @saved_cs_client          = @@character_set_client */;
/*!50001 SET @saved_cs_results         = @@character_set_results */;
/*!50001 SET @saved_col_connection     = @@collation_connection */;
/*!50001 SET character_set_client      = utf8mb4 */;
/*!50001 SET character_set_results     = utf8mb4 */;
/*!50001 SET collation_connection      = utf8mb4_0900_ai_ci */;
/*!50001 CREATE ALGORITHM=UNDEFINED */
/*!50013 DEFINER=`root`@`localhost` SQL SECURITY DEFINER */
/*!50001 VIEW `vw_seguimiento_actividades` AS select `actividades_detalladas`.`actividad_detallada_id` AS `actividad_detallada_id`,`actividades_detalladas`.`actividad_id` AS `actividad_id`,`actividades_detalladas`.`descripcion` AS `descripcion`,`actividades_detalladas`.`fecha_creacion` AS `fecha_creacion`,`actividades_detalladas`.`fecha_actualizacion` AS `fecha_actualizacion`,`actividades_detalladas`.`estatus` AS `estatus`,`actividades_detalladas`.`mes` AS `mes`,`actividades_detalladas`.`programado_fisico` AS `programado_fisico`,`actividades_detalladas`.`realizado_fisico` AS `realizado_fisico`,`actividades_detalladas`.`programado_financiero` AS `programado_financiero`,`actividades_detalladas`.`realizado_financiero` AS `realizado_financiero`,`actividades_detalladas`.`usuario_id` AS `usuario_id` from (`actividades_detalladas` join `actividades` on((`actividades_detalladas`.`actividad_id` = `actividades`.`actividad_id`))) */;
/*!50001 SET character_set_client      = @saved_cs_client */;
/*!50001 SET character_set_results     = @saved_cs_results */;
/*!50001 SET collation_connection      = @saved_col_connection */;

--
-- Final view structure for view `vw_seguimiento_acuerdo_ag`
--

/*!50001 DROP VIEW IF EXISTS `vw_seguimiento_acuerdo_ag`*/;
/*!50001 SET @saved_cs_client          = @@character_set_client */;
/*!50001 SET @saved_cs_results         = @@character_set_results */;
/*!50001 SET @saved_col_connection     = @@collation_connection */;
/*!50001 SET character_set_client      = utf8mb4 */;
/*!50001 SET character_set_results     = utf8mb4 */;
/*!50001 SET collation_connection      = utf8mb4_0900_ai_ci */;
/*!50001 CREATE ALGORITHM=UNDEFINED */
/*!50013 DEFINER=`root`@`localhost` SQL SECURITY DEFINER */
/*!50001 VIEW `vw_seguimiento_acuerdo_ag` AS select `a`.`acuerdo_id` AS `acuerdo_id`,`a`.`tema` AS `tema`,`a`.`tema_id` AS `tema_id`,`sa`.`seguimiento_acuerdo_id` AS `seguimiento_acuerdo_id`,`sa`.`folio` AS `folio`,`a`.`asunto` AS `asunto`,`sa`.`seguimiento` AS `seguimiento`,`a`.`fecha_creacion_acuerdo` AS `fecha_creacion_acuerdo`,`sa`.`fecha_creacion_seguimiento` AS `fecha_creacion_seguimiento`,`sa`.`fecha_actualizacion_seguimiento` AS `fecha_actualizacion_seguimiento`,`a`.`combinacion_area_acuerdo_id` AS `combinacion_area_acuerdo_id`,`sa`.`combinacion_area_seguimiento_id` AS `combinacion_area_seguimiento_id`,concat(`a`.`direccion_acuerdo`,' ',`a`.`subdireccion_acuerdo`,' ',`a`.`departamento_acuerdo`,' ',`a`.`area_acuerdo`) AS `area_acuerdo`,concat(`sa`.`direccion_seguimiento`,' ',`sa`.`subdireccion_seguimiento`,' ',`sa`.`departamento_seguimiento`,' ',`sa`.`area_seguimiento`) AS `area_seguimiento`,`a`.`direccion_id_acuerdo` AS `direccion_id_acuerdo`,`a`.`subdireccion_id_acuerdo` AS `subdireccion_id_acuerdo`,`a`.`departamento_id_acuerdo` AS `departamento_id_acuerdo`,`a`.`area_id_acuerdo` AS `area_id_acuerdo`,`sa`.`direccion_seguimiento_id` AS `direccion_id_seguimiento`,`sa`.`subdireccion_seguimiento_id` AS `subdireccion_id_seguimiento`,`sa`.`departamento_seguimiento_id` AS `departamento_id_seguimiento`,`sa`.`area_seguimiento_id` AS `area_id_seguimiento`,`sa`.`estatus_acuerdo_id` AS `estatus_acuerdo_id`,`sa`.`estatus_seguimiento` AS `estatus_seguimiento`,`sa`.`usuario_id_registra` AS `usuario_id_registra`,`sa`.`nombres_usuario_registra` AS `nombres_usuario_registra`,`sa`.`primer_apellido_usuario_registra` AS `primer_apellido_usuario_registra`,`sa`.`segundo_apellido_usuario_registra` AS `segundo_apellido_usuario_registra`,concat_ws(' ',`sa`.`nombres_usuario_registra`,`sa`.`primer_apellido_usuario_registra`,`sa`.`segundo_apellido_usuario_registra`) AS `usuario_registra`,`sa`.`usuario_id_envia` AS `usuario_id_envia`,`sa`.`nombres_usuario_envia` AS `nombres_usuario_envia`,`sa`.`primer_apellido_usuario_envia` AS `primer_apellido_usuario_envia`,`sa`.`segundo_apellido_usuario_envia` AS `segundo_apellido_usuario_envia`,concat_ws(' ',`sa`.`nombres_usuario_envia`,`sa`.`primer_apellido_usuario_envia`,`sa`.`segundo_apellido_usuario_envia`) AS `usuario_envia`,`sa`.`usuario_id_recibe` AS `usuario_id_recibe`,`sa`.`nombres_usuario_recibe` AS `nombres_usuario_recibe`,`sa`.`primer_apellido_usuario_recibe` AS `primer_apellido_usuario_recibe`,`sa`.`segundo_apellido_usuario_recibe` AS `segundo_apellido_usuario_recibe`,concat_ws(' ',`sa`.`nombres_usuario_recibe`,`sa`.`primer_apellido_usuario_recibe`,`sa`.`segundo_apellido_usuario_recibe`) AS `usuario_recibe`,`a`.`fecha_respuesta` AS `fecha_respuesta` from (`vw_acuerdos` `a` left join `vw_seguimiento_acuerdos` `sa` on((`sa`.`acuerdo_id` = `a`.`acuerdo_id`))) order by `a`.`acuerdo_id`,`sa`.`seguimiento_acuerdo_id` desc */;
/*!50001 SET character_set_client      = @saved_cs_client */;
/*!50001 SET character_set_results     = @saved_cs_results */;
/*!50001 SET collation_connection      = @saved_col_connection */;

--
-- Final view structure for view `vw_seguimiento_acuerdos`
--

/*!50001 DROP VIEW IF EXISTS `vw_seguimiento_acuerdos`*/;
/*!50001 SET @saved_cs_client          = @@character_set_client */;
/*!50001 SET @saved_cs_results         = @@character_set_results */;
/*!50001 SET @saved_col_connection     = @@collation_connection */;
/*!50001 SET character_set_client      = utf8mb4 */;
/*!50001 SET character_set_results     = utf8mb4 */;
/*!50001 SET collation_connection      = utf8mb4_0900_ai_ci */;
/*!50001 CREATE ALGORITHM=UNDEFINED */
/*!50013 DEFINER=`root`@`localhost` SQL SECURITY DEFINER */
/*!50001 VIEW `vw_seguimiento_acuerdos` AS select `a`.`acuerdo_id` AS `acuerdo_id`,`sa`.`seguimiento_acuerdo_id` AS `seguimiento_acuerdo_id`,concat_ws('-',`a`.`acuerdo_id`,`sa`.`folio`) AS `folio`,`a`.`asunto` AS `asunto`,`a`.`tema_id` AS `tema_id`,`a`.`tema` AS `tema`,`a`.`cve_direccion_acuerdo` AS `cve_direccion_acuerdo`,`a`.`direccion_acuerdo` AS `direccion_acuerdo`,`a`.`cve_subdireccion_acuerdo` AS `cve_subdireccion_acuerdo`,`a`.`subdireccion_acuerdo` AS `subdireccion_acuerdo`,`a`.`cve_departamento_acuerdo` AS `cve_departamento_acuerdo`,`a`.`departamento_acuerdo` AS `departamento_acuerdo`,`a`.`cve_area_acuerdo` AS `cve_area_acuerdo`,`a`.`area_acuerdo` AS `area_acuerdo`,`a`.`direccion_id_acuerdo` AS `direccion_id_acuerdo`,`a`.`subdireccion_id_acuerdo` AS `subdireccion_id_acuerdo`,`a`.`departamento_id_acuerdo` AS `departamento_id_acuerdo`,`a`.`area_id_acuerdo` AS `area_id_acuerdo`,`a`.`ejercicio_acuerdo` AS `ejercicio_acuerdo`,`sa`.`seguimiento` AS `seguimiento`,`cad`.`combinacion_area_id` AS `combinacion_area_seguimiento_id`,`cad`.`cve_direccion` AS `cve_direccion_seguimiento`,`cad`.`direccion` AS `direccion_seguimiento`,`cad`.`cve_subdireccion` AS `cve_subdireccion_seguimiento`,`cad`.`subdireccion` AS `subdireccion_seguimiento`,`cad`.`cve_departamento` AS `cve_departamento_seguimiento`,`cad`.`departamento` AS `departamento_seguimiento`,`cad`.`cve_area` AS `cve_area_seguimiento`,`cad`.`area` AS `area_seguimiento`,`cad`.`direccion_id` AS `direccion_seguimiento_id`,`cad`.`subdireccion_id` AS `subdireccion_seguimiento_id`,`cad`.`departamento_id` AS `departamento_seguimiento_id`,`cad`.`area_id` AS `area_seguimiento_id`,`a`.`usuario_registra_id` AS `usuario_id_registra`,`a`.`nombres_usuario` AS `nombres_usuario_registra`,`a`.`primer_apellido_usuario` AS `primer_apellido_usuario_registra`,`a`.`segundo_apellido_usuario` AS `segundo_apellido_usuario_registra`,`a`.`cve_cuenta_usuario` AS `cuenta_usuario_registra`,`u_ad`.`cve_direccion` AS `cve_direccion_ad`,`u_ad`.`direccion` AS `direccion_ad`,`u_ad`.`cve_subdireccion` AS `cve_subdireccion_ad`,`u_ad`.`subdireccion` AS `subdireccion_ad`,`u_ad`.`cve_departamento` AS `cve_departamento_ad`,`u_ad`.`departamento` AS `departamento_ad`,`u_ad`.`cve_area` AS `cve_area_ad`,`u_ad`.`area` AS `area_ad`,`u_ad`.`nombres` AS `nombres_usuario_envia`,`u_ad`.`primer_apellido` AS `primer_apellido_usuario_envia`,`u_ad`.`segundo_apellido` AS `segundo_apellido_usuario_envia`,`u_ad`.`cve_cuenta` AS `cuenta_usuario_envia`,`u_ad`.`usuario_id` AS `usuario_id_envia`,`u_adr`.`usuario_id` AS `usuario_id_recibe`,`u_adr`.`nombres` AS `nombres_usuario_recibe`,`u_adr`.`primer_apellido` AS `primer_apellido_usuario_recibe`,`u_adr`.`segundo_apellido` AS `segundo_apellido_usuario_recibe`,`sa`.`archivo_anexo` AS `archivo_anexo`,`a`.`fecha_creacion_acuerdo` AS `fecha_creacion_acuerdo`,`sa`.`fecha_creacion` AS `fecha_creacion_seguimiento`,`sa`.`fecha_actualizacion` AS `fecha_actualizacion_seguimiento`,`sa`.`estatus_acuerdo_id` AS `estatus_acuerdo_id`,`ea`.`descripcion` AS `estatus_seguimiento`,`a`.`fecha_respuesta` AS `fecha_respuesta` from (((((`seguimientos_acuerdos` `sa` join `combinaciones_areas` `cad` on((`cad`.`combinacion_area_id` = `sa`.`combinacion_area_id`))) left join `vw_usuarios` `u_ad` on((`sa`.`usuario_acuerda_id` = `u_ad`.`usuario_id`))) left join `vw_usuarios` `u_adr` on((`sa`.`usuario_recibe_id` = `u_adr`.`usuario_id`))) join `vw_acuerdos` `a` on((`sa`.`acuerdo_id` = `a`.`acuerdo_id`))) join `estatus_acuerdos` `ea` on(((`ea`.`estatus_acuerdo_id` = `sa`.`estatus_acuerdo_id`) and (`ea`.`estatus` = 1)))) order by `a`.`acuerdo_id`,`sa`.`seguimiento_acuerdo_id` desc */;
/*!50001 SET character_set_client      = @saved_cs_client */;
/*!50001 SET character_set_results     = @saved_cs_results */;
/*!50001 SET collation_connection      = @saved_col_connection */;

--
-- Final view structure for view `vw_subdirecciones`
--

/*!50001 DROP VIEW IF EXISTS `vw_subdirecciones`*/;
/*!50001 SET @saved_cs_client          = @@character_set_client */;
/*!50001 SET @saved_cs_results         = @@character_set_results */;
/*!50001 SET @saved_col_connection     = @@collation_connection */;
/*!50001 SET character_set_client      = utf8mb4 */;
/*!50001 SET character_set_results     = utf8mb4 */;
/*!50001 SET collation_connection      = utf8mb4_0900_ai_ci */;
/*!50001 CREATE ALGORITHM=UNDEFINED */
/*!50013 DEFINER=`root`@`localhost` SQL SECURITY DEFINER */
/*!50001 VIEW `vw_subdirecciones` AS select `sd`.`subdireccion_id` AS `subdireccion_id`,`d`.`direccion_id` AS `direccion_id`,`d`.`cve_direccion` AS `cve_direccion`,`d`.`descripcion` AS `direccion`,`sd`.`cve_subdireccion` AS `cve_subdireccion`,`sd`.`descripcion` AS `subdireccion` from (`direcciones` `d` join `subdirecciones` `sd` on((`d`.`direccion_id` = `sd`.`direccion_id`))) */;
/*!50001 SET character_set_client      = @saved_cs_client */;
/*!50001 SET character_set_results     = @saved_cs_results */;
/*!50001 SET collation_connection      = @saved_col_connection */;

--
-- Final view structure for view `vw_ultimo_seguimiento`
--

/*!50001 DROP VIEW IF EXISTS `vw_ultimo_seguimiento`*/;
/*!50001 SET @saved_cs_client          = @@character_set_client */;
/*!50001 SET @saved_cs_results         = @@character_set_results */;
/*!50001 SET @saved_col_connection     = @@collation_connection */;
/*!50001 SET character_set_client      = utf8mb4 */;
/*!50001 SET character_set_results     = utf8mb4 */;
/*!50001 SET collation_connection      = utf8mb4_0900_ai_ci */;
/*!50001 CREATE ALGORITHM=UNDEFINED */
/*!50013 DEFINER=`root`@`localhost` SQL SECURITY DEFINER */
/*!50001 VIEW `vw_ultimo_seguimiento` AS select `ag`.`acuerdo_id` AS `acuerdo_id`,`ag`.`tema` AS `tema`,`ag`.`tema_id` AS `tema_id`,`ag`.`seguimiento_acuerdo_id` AS `seguimiento_acuerdo_id`,`ag`.`folio` AS `folio`,`ag`.`asunto` AS `asunto`,`ag`.`seguimiento` AS `seguimiento`,`ag`.`fecha_creacion_acuerdo` AS `fecha_creacion_acuerdo`,`ag`.`fecha_creacion_seguimiento` AS `fecha_creacion_seguimiento`,`ag`.`fecha_actualizacion_seguimiento` AS `fecha_actualizacion_seguimiento`,`ag`.`combinacion_area_acuerdo_id` AS `combinacion_area_acuerdo_id`,`ag`.`direccion_id_acuerdo` AS `direccion_id_acuerdo`,`ag`.`subdireccion_id_acuerdo` AS `subdireccion_id_acuerdo`,`ag`.`departamento_id_acuerdo` AS `departamento_id_acuerdo`,`ag`.`area_id_acuerdo` AS `area_id_acuerdo`,`ag`.`direccion_id_seguimiento` AS `direccion_id_seguimiento`,`ag`.`subdireccion_id_seguimiento` AS `subdireccion_id_seguimiento`,`ag`.`departamento_id_seguimiento` AS `departamento_id_seguimiento`,`ag`.`area_id_seguimiento` AS `area_id_seguimiento`,`ag`.`combinacion_area_seguimiento_id` AS `combinacion_area_seguimiento_id`,`ag`.`area_acuerdo` AS `area_acuerdo`,`ag`.`area_seguimiento` AS `area_seguimiento`,`ag`.`estatus_seguimiento` AS `estatus_seguimiento`,`ag`.`usuario_id_registra` AS `usuario_id_registra`,`ag`.`usuario_registra` AS `usuario_registra`,`ag`.`usuario_id_envia` AS `usuario_id_envia`,`ag`.`usuario_envia` AS `usuario_envia`,`ag`.`usuario_id_recibe` AS `usuario_id_recibe`,`ag`.`usuario_recibe` AS `usuario_recibe`,`ag`.`fecha_respuesta` AS `fecha_respuesta` from (`vw_seguimiento_acuerdo_ag` `ag` join (select max(`vw_seguimiento_acuerdo_ag`.`seguimiento_acuerdo_id`) AS `seguimiento_acuerdo_id` from `vw_seguimiento_acuerdo_ag` group by `vw_seguimiento_acuerdo_ag`.`acuerdo_id`) `x` on((`x`.`seguimiento_acuerdo_id` = `ag`.`seguimiento_acuerdo_id`))) */;
/*!50001 SET character_set_client      = @saved_cs_client */;
/*!50001 SET character_set_results     = @saved_cs_results */;
/*!50001 SET collation_connection      = @saved_col_connection */;

--
-- Final view structure for view `vw_unidades_medida`
--

/*!50001 DROP VIEW IF EXISTS `vw_unidades_medida`*/;
/*!50001 SET @saved_cs_client          = @@character_set_client */;
/*!50001 SET @saved_cs_results         = @@character_set_results */;
/*!50001 SET @saved_col_connection     = @@collation_connection */;
/*!50001 SET character_set_client      = utf8mb4 */;
/*!50001 SET character_set_results     = utf8mb4 */;
/*!50001 SET collation_connection      = utf8mb4_0900_ai_ci */;
/*!50001 CREATE ALGORITHM=UNDEFINED */
/*!50013 DEFINER=`root`@`localhost` SQL SECURITY DEFINER */
/*!50001 VIEW `vw_unidades_medida` AS select `aum`.`area_unidad_medida_id` AS `area_unidad_medida_id`,`aum`.`direccion_id` AS `direccion_id`,`um`.`unidad_medida_id` AS `unidad_medida_id`,`um`.`cve_medida` AS `cve_medida`,`um`.`descripcion` AS `descripcion`,`um`.`estatus` AS `estatus` from (`areas_unidades_medidas` `aum` join `unidades_medida` `um` on((`um`.`unidad_medida_id` = `aum`.`unidad_medida_id`))) */;
/*!50001 SET character_set_client      = @saved_cs_client */;
/*!50001 SET character_set_results     = @saved_cs_results */;
/*!50001 SET collation_connection      = @saved_col_connection */;

--
-- Final view structure for view `vw_usuarios`
--

/*!50001 DROP VIEW IF EXISTS `vw_usuarios`*/;
/*!50001 SET @saved_cs_client          = @@character_set_client */;
/*!50001 SET @saved_cs_results         = @@character_set_results */;
/*!50001 SET @saved_col_connection     = @@collation_connection */;
/*!50001 SET character_set_client      = utf8mb4 */;
/*!50001 SET character_set_results     = utf8mb4 */;
/*!50001 SET collation_connection      = utf8mb4_0900_ai_ci */;
/*!50001 CREATE ALGORITHM=UNDEFINED */
/*!50013 DEFINER=`root`@`localhost` SQL SECURITY DEFINER */
/*!50001 VIEW `vw_usuarios` AS select `u`.`usuario` AS `usuario`,`u`.`contrasena` AS `contrasena`,`dt`.`combinacion_area_id` AS `combinacion_area_usuario_id`,`dt`.`cve_direccion` AS `cve_direccion`,`dt`.`direccion` AS `direccion`,`dt`.`cve_subdireccion` AS `cve_subdireccion`,`dt`.`subdireccion` AS `subdireccion`,`dt`.`cve_departamento` AS `cve_departamento`,`dt`.`departamento` AS `departamento`,`dt`.`cve_area` AS `cve_area`,`dt`.`direccion_id` AS `direccion_id`,`dt`.`subdireccion_id` AS `subdireccion_id`,`dt`.`departamento_id` AS `departamento_id`,`dt`.`area_id` AS `area_id`,`dt`.`area` AS `area`,`u`.`nombres` AS `nombres`,`u`.`primer_apellido` AS `primer_apellido`,`u`.`segundo_apellido` AS `segundo_apellido`,`u`.`sexo` AS `sexo`,`u`.`tipo_usuario_id` AS `tipo_usuario_id`,`ctg`.`cve_categoria` AS `cve_categoria`,`ctg`.`descripcion` AS `categoria`,`u`.`cve_cuenta` AS `cve_cuenta`,`u`.`usuario_id` AS `usuario_id`,`ctg`.`categoria_id` AS `categoria_id`,`cg`.`cve_cargo` AS `cve_cargo`,`cg`.`descripcion` AS `cargo`,`cg`.`cargo_id` AS `cargo_id`,`titulos`.`alias` AS `alias`,`titulos`.`descripcion` AS `titulo`,`u`.`estatus` AS `estatus` from ((((`usuarios` `u` join `combinaciones_areas` `dt` on((`u`.`combinacion_area_id` = `dt`.`combinacion_area_id`))) join `categorias` `ctg` on((`u`.`categoria_id` = `ctg`.`categoria_id`))) join `cargos` `cg` on((`u`.`cargo_id` = `cg`.`cargo_id`))) join `titulos` on((`u`.`titulo_id` = `titulos`.`titulo_id`))) */;
/*!50001 SET character_set_client      = @saved_cs_client */;
/*!50001 SET character_set_results     = @saved_cs_results */;
/*!50001 SET collation_connection      = @saved_col_connection */;
/*!40103 SET TIME_ZONE=@OLD_TIME_ZONE */;

/*!40101 SET SQL_MODE=@OLD_SQL_MODE */;
/*!40014 SET FOREIGN_KEY_CHECKS=@OLD_FOREIGN_KEY_CHECKS */;
/*!40014 SET UNIQUE_CHECKS=@OLD_UNIQUE_CHECKS */;
/*!40101 SET CHARACTER_SET_CLIENT=@OLD_CHARACTER_SET_CLIENT */;
/*!40101 SET CHARACTER_SET_RESULTS=@OLD_CHARACTER_SET_RESULTS */;
/*!40101 SET COLLATION_CONNECTION=@OLD_COLLATION_CONNECTION */;
/*!40111 SET SQL_NOTES=@OLD_SQL_NOTES */;

-- Dump completed on 2021-06-07 15:33:58
